Name	Taste	Smiles	Reference
1,2,4-trihydroxyheptadeca-16-yne	Kokumi	C#CCCCCCCCCCCCC(O)CC(O)CO	https://doi.org/10.1021/jf103848p
1-acetoxy −2,4-dihydroxyheptadeca-16-yne	Kokumi	C#CCCCCCCCCCCCC(O)CC(O)COC(C)=O	https://doi.org/10.1021/jf103848p
1-acetoxy-2-hydroxy-4-oxoheptadeca-16-ene	Kokumi	C=CCCCCCCCCCCCC(=O)CC(O)COC(C)=O	https://doi.org/10.1021/jf103848p
1,2,4-trihydroxyheptadeca-16-ene	Kokumi	C=CCCCCCCCCCCCC(O)CC(O)CO	https://doi.org/10.1021/jf103848p
1-acetoxy-2,4-dihydroxyheptadeca-16-ene	Kokumi	C=CCCCCCCCCCCCC(O)CC(O)COC(C)=O	https://doi.org/10.1021/jf103848p
alliin	Kokumi	C=CCS(=O)CC(N)C(=O)O	 https://doi.org/10.1271/bbb1961.54.163
3-(allylthio)-2-(2-formyl-5-hydroxymethyl-1H-pyrrol-1-yl)propanoic acid	Kokumi	C=CCSCC(C(=O)O)N1C(C=O)CCC1CO	https://doi.org/10.1021/acs.jafc.6b02396
γ-Glu-Cys(S-allyl)-Gly	Kokumi	C=CCSCC(NC(=O)CCC(N)C(=O)O)C(=O)NCC(=O)O	https://doi.org/10.1074/jbc.M109.029165
γ-Glutamyl-S-allylcysteine sulfoxide	Kokumi	C=CCSCC(NC(=O)CCC(N)C(=O)O)C(=O)O	 https://doi.org/10.1271/bbb1961.54.163;https://doi.org/10.1016/j.tifs.2019.07.022
γ-glutamyl-S-ethenyl-cysteine	Kokumi	C=CSCC(NC(=O)CCC(N)C(=O)O)C(=O)O	https://doi.org/10.1016/j.tifs.2019.07.022
S-alk(en)yl-cysteine sulfoxide	Kokumi	C=[S](=O)CC(N)C(=O)O	https://doi.org/10.1016/j.tifs.2019.07.022
3-(((4-amino-2-methylpyrimidin-5-yl)methyl)thio)-5-hydroxypentan-2-one	Kokumi	CC(=O)C(CCO)Sc1cnc(C)nc1N	https://doi.org/10.1021/acs.jafc.9b05896
γ-EDG	Kokumi	CC(=O)CC(NC(=O)CCC(N)C(=O)O)C(=O)NCC(=O)O	https://doi.org/10.7506/spkx1002-6630-201519058
N-Acetyl-valylphenylalanine	Kokumi	CC(=O)NC(C(=O)NC(Cc1ccccc1)C(=O)O)C(C)C	Tingting Duan. Research on strong feeling substances and bitter taste inhibitors containing amino acid structure. Huazhong Agricultural University, 2016.
N-acetyl-L-valine	Kokumi	CC(=O)NC(C(=O)O)C(C)C	https://patents.justia.com/patent/20140127144;https://patents.justia.com/patent/20140127144
N-acetylalanine	Kokumi	CC(=O)NC(C)C(=O)O	https://doi.org/10.1021/acs.jafc.9b01832
N-acetyl-leucylaspartic acid	Kokumi	CC(=O)NC(CC(C)C)C(=O)NC(CC(=O)O)C(=O)O	Tingting Duan. Research on strong feeling substances and bitter taste inhibitors containing amino acid structure. Huazhong Agricultural University, 2016.
N-acetylleucine	Kokumi	CC(=O)NC(CC(C)C)C(=O)O	https://doi.org/10.1021/acs.jafc.9b01832
N-acetyl-L-glutamate	Kokumi	CC(=O)NC(CCC(=O)O)C(=O)O	Tingting Duan. Research on strong feeling substances and bitter taste inhibitors containing amino acid structure. Huazhong Agricultural University, 2016.;https://patents.justia.com/patent/20140127144
N-acetyltyrosine	Kokumi	CC(=O)NC(Cc1ccc(O)cc1)C(=O)O	https://doi.org/10.1021/acs.jafc.9b01832;https://patents.justia.com/patent/20140127144
N-Acetyl-L-phenylalanoylalanine	Kokumi	CC(=O)NC(Cc1ccccc1)C(=O)NC(C)C(=O)O	Tingting Duan. Research on strong feeling substances and bitter taste inhibitors containing amino acid structure. Huazhong Agricultural University, 2016.
N-Acetyl-L-phenylalanylglycine	Kokumi	CC(=O)NC(Cc1ccccc1)C(=O)NCC(=O)O	Tingting Duan. Research on strong feeling substances and bitter taste inhibitors containing amino acid structure. Huazhong Agricultural University, 2016.
N-acetylphenylalanine	Kokumi	CC(=O)NC(Cc1ccccc1)C(=O)O	https://doi.org/10.1021/acs.jafc.9b01832
N-acetyl-L-glycine	Kokumi	CC(=O)NCC(=O)O	Tingting Duan. Research on strong feeling substances and bitter taste inhibitors containing amino acid structure. Huazhong Agricultural University, 2016.
N-(1-carboxyethyl)-6-(hydroxymethyl) pyridinium-3-ol inner salt (alapyridaine)	Kokumi	CC(C(=O)O)[n+]1cc(O)ccc1CO	https://doi.org/10.1080/09168451.2017.1372179
γ-Glu-tLeu	Kokumi	CC(C)(C)C(NC(=O)CCC(N)C(=O)O)C(=O)O	https://doi.org/10.1074/jbc.M109.029165
Val-Glu	Kokumi	CC(C)C(N)C(=O)NC(CCC(=O)O)C(=O)O	https://doi.org/10.1002/jsfa.10626
Val-Cys	Kokumi	CC(C)C(N)C(=O)NC(CS)C(=O)O	https://doi.org/10.1111/jfpp.15778
EV	Kokumi	CC(C)C(NC(=O)C(N)CCC(=O)O)C(=O)O	https://doi.org/10.3969/j.issn.1000-9973.2019.03.042
γ-Glu-Val-Val	Kokumi	CC(C)C(NC(=O)C(NC(=O)CCC(N)C(=O)O)C(C)C)C(=O)O	https://doi.org/10.1074/jbc.M109.029165
pGlu-Va	Kokumi	CC(C)C(NC(=O)C1CCC(=O)N1)C(=O)O	https://doi.org/10.1021/acs.jafc.9b00905
γ-Glu-Val-Pro	Kokumi	CC(C)C(NC(=O)CCC(N)C(=O)O)C(=O)N1CCCC1C(=O)O	https://doi.org/10.1074/jbc.M109.029165
γ-Glu-Val-Thr	Kokumi	CC(C)C(NC(=O)CCC(N)C(=O)O)C(=O)NC(C(=O)O)C(C)O	https://doi.org/10.1074/jbc.M109.029165
γ-Glu-Val-Asp	Kokumi	CC(C)C(NC(=O)CCC(N)C(=O)O)C(=O)NC(CC(=O)O)C(=O)O	https://doi.org/10.1074/jbc.M109.029165
γ-Glu-Val-Asn	Kokumi	CC(C)C(NC(=O)CCC(N)C(=O)O)C(=O)NC(CC(N)=O)C(=O)O	https://doi.org/10.1074/jbc.M109.029165
γ-Glu-Val-His	Kokumi	CC(C)C(NC(=O)CCC(N)C(=O)O)C(=O)NC(CC1=C[N]C=N1)C(=O)O	https://doi.org/10.1074/jbc.M109.029165
γ-Glu-Val-Glu	Kokumi	CC(C)C(NC(=O)CCC(N)C(=O)O)C(=O)NC(CCC(=O)O)C(=O)O	https://doi.org/10.1074/jbc.M109.029165
γ-Glu-Val-Gln	Kokumi	CC(C)C(NC(=O)CCC(N)C(=O)O)C(=O)NC(CCC(N)=O)C(=O)O	https://doi.org/10.1074/jbc.M109.029165
γ-Glu-Val-Lys	Kokumi	CC(C)C(NC(=O)CCC(N)C(=O)O)C(=O)NC(CCCC[N])C(=O)O	https://doi.org/10.1074/jbc.M109.029165
γ-Glu-Val-Arg	Kokumi	CC(C)C(NC(=O)CCC(N)C(=O)O)C(=O)NC(CCCNC(=N)N)C(=O)O	https://doi.org/10.1074/jbc.M109.029165
γ-Glu-Val-Ser	Kokumi	CC(C)C(NC(=O)CCC(N)C(=O)O)C(=O)NC(CO)C(=O)O	https://doi.org/10.1074/jbc.M109.029165
γ-Glu-Val-Cys	Kokumi	CC(C)C(NC(=O)CCC(N)C(=O)O)C(=O)NC(CS)C(=O)O	https://doi.org/10.1074/jbc.M109.029165
γ-Glu-Val-Phe	Kokumi	CC(C)C(NC(=O)CCC(N)C(=O)O)C(=O)NC(Cc1ccccc1)C(=O)O	https://doi.org/10.1074/jbc.M109.029165
γ-EVG	Kokumi	CC(C)C(NC(=O)CCC(N)C(=O)O)C(=O)NCC(=O)O	https://doi.org/10.1074/jbc.M109.029165;https://doi.org/10.1074/jbc.M109.029165
γ-Glu-Val-Orn	Kokumi	CC(C)C(NC(=O)CCC(N)C(=O)O)C(=O)NCCS(=O)(=O)O	https://doi.org/10.1074/jbc.M109.029165
γ-EV	Kokumi	CC(C)C(NC(=O)CCC(N)C(=O)O)C(=O)O	https://doi.org/10.1002/jsfa.7058;https://doi.org/10.1002/fsn3.1845;https://doi.org/10.1074/jbc.M109.029165
γ-Glu-Val-NH2	Kokumi	CC(C)C(NC(=O)CCC(N)C(=O)O)C([N])=O	https://doi.org/10.1074/jbc.M109.029165
γ-E-γ-EV	Kokumi	CC(C)C(NC(=O)CCC(NC(=O)CCC(N)C(=O)O)C(=O)O)C(=O)O	https://doi.org/10.1016/j.tifs.2019.07.022;https://doi.org/10.1002/fsn3.1845
γ-E-γ-E-γ-EV	Kokumi	CC(C)C(NC(=O)CCC(NC(=O)CCC(NC(=O)CCC(N)C(=O)O)C(=O)O)C(=O)O)C(=O)O	https://doi.org/10.1016/j.tifs.2019.07.022;https://doi.org/10.1002/fsn3.1845
γ-E-γ-E-γ-E-γ-EV	Kokumi	CC(C)C(NC(=O)CCC(NC(=O)CCC(NC(=O)CCC(NC(=O)CCC(N)C(=O)O)C(=O)O)C(=O)O)C(=O)O)C(=O)O	https://doi.org/10.1016/j.tifs.2019.07.022
γ-E-γ-E-γ-E-γ-Eγ-EV	Kokumi	CC(C)C(NC(=O)CCC(NC(=O)CCC(NC(=O)CCC(NC(=O)CCC(NC(=O)CCC(N)C(=O)O)C(=O)O)C(=O)O)C(=O)O)C(=O)O)C(=O)O	https://doi.org/10.1016/j.tifs.2019.07.022
Cys-Gly-Val	Kokumi	CC(C)C(NC(=O)CNC(=O)C(N)CS)C(=O)O	https://doi.org/10.1016/j.jchromb.2018.10.025
Leu-Pro	Kokumi	CC(C)CC(N)C(=O)N1CCCC1C(=O)O	https://doi.org/10.1111/ijfs.14271
Leu-Val-Gly	Kokumi	CC(C)CC(N)C(=O)NC(C(=O)NCC(=O)O)C(C)C	https://doi.org/10.1111/jfpp.15778
Leu-Val	Kokumi	CC(C)CC(N)C(=O)NC(C(=O)O)C(C)C	https://doi.org/10.1016/j.jchromb.2018.10.025
LT	Kokumi	CC(C)CC(N)C(=O)NC(C(=O)O)C(C)O	https://doi.org/10.1002/jsfa.7058;https://doi.org/10.1016/j.jchromb.2018.10.025
LA	Kokumi	CC(C)CC(N)C(=O)NC(C)C(=O)O	https://doi.org/10.1002/jsfa.7058
LE	Kokumi	CC(C)CC(N)C(=O)NC(CCC(=O)O)C(=O)O	https://doi.org/10.1002/jsfa.7058
LQ	Kokumi	CC(C)CC(N)C(=O)NC(CCC(N)=O)C(=O)O	https://doi.org/10.1002/jsfa.7058;https://doi.org/10.1016/j.jchromb.2018.10.025
LK	Kokumi	CC(C)CC(N)C(=O)NC(CCCCN)C(=O)O	https://doi.org/10.1002/jsfa.7058
Leu-Cys-Arg	Kokumi	CC(C)CC(N)C(=O)NC(CS)C(=O)NC(CCCN=C(N)N)C(=O)O	https://doi.org/10.1111/ijfs.14271
Leu-Cys-Phe	Kokumi	CC(C)CC(N)C(=O)NC(CS)C(=O)NC(Cc1ccccc1)C(=O)O	https://doi.org/10.1111/jfpp.15778
Leu-Cys	Kokumi	CC(C)CC(N)C(=O)NC(CS)C(=O)O	https://doi.org/10.1016/j.jchromb.2018.10.025
Leu-Trp	Kokumi	CC(C)CC(N)C(=O)NC(Cc1c[nH]c2ccccc12)C(=O)O	https://doi.org/10.1111/ijfs.14271
Leu-Tyr	Kokumi	CC(C)CC(N)C(=O)NC(Cc1ccc(O)cc1)C(=O)O	https://zgtw.cbpt.cnki.net/WKC/WebPublication/paperDigest.aspx?paperID=808d8813-6fb2-47e8-ac2c-2c5cdacda4d3;https://doi.org/10.7506/spkx1002-6630-201523057 
AL	Kokumi	CC(C)CC(NC(=O)C(C)N)C(=O)O	https://doi.org/10.1002/jsfa.7058
γ-Glu-Leu-Leu	Kokumi	CC(C)CC(NC(=O)C(CC(C)C)NC(=O)CCC(N)C(=O)O)C(=O)O	https://doi.org/10.1021/acs.jafc.3c01467
γ-Glu-Asn-Leu	Kokumi	CC(C)CC(NC(=O)C(CC(N)=O)NC(=O)CCC(N)C(=O)O)C(=O)O	https://doi.org/10.1021/acs.jafc.3c01467
γ-Glu-Glu-Leu	Kokumi	CC(C)CC(NC(=O)C(CCC(=O)O)NC(=O)CCC(N)C(=O)O)C(=O)O	https://doi.org/10.1021/acs.jafc.3c01467
Lys-Gly-asp-Glu-Glu-Ser-Leu-Ala	Kokumi	CC(C)CC(NC(=O)C(CO)NC(=O)C(CCC(=O)O)NC(=O)C(CCC(=O)O)NC(=O)C(CC(=O)O)NC(=O)CNC(=O)C(N)CCCCN)C(=O)NC(C)C(=O)O	https://doi.org/10.19804/j.issn1006-2513.2021.10.022 
γ-Glu-Phe-Leu	Kokumi	CC(C)CC(NC(=O)C(Cc1ccccc1)NC(=O)CCC(N)C(=O)O)C(=O)O	https://doi.org/10.1021/acs.jafc.3c01467
Asp-Leu	Kokumi	CC(C)CC(NC(=O)C(N)CC(=O)O)C(=O)O	https://doi.org/10.1111/ijfs.14271
EL	Kokumi	CC(C)CC(NC(=O)C(N)CCC(=O)O)C(=O)O	https://doi.org/10.3969/j.issn.1000-9973.2019.03.042
γ-Glu-Val-Leu	Kokumi	CC(C)CC(NC(=O)C(NC(=O)CCC(N)C(=O)O)C(C)C)C(=O)O	https://doi.org/10.1021/acs.jafc.3c01467
γ-Glu-Thr-Leu	Kokumi	CC(C)CC(NC(=O)C(NC(=O)CCC(N)C(=O)O)C(C)O)C(=O)O	https://doi.org/10.1021/acs.jafc.3c01467
γ-Glu-Leu-Gly	Kokumi	CC(C)CC(NC(=O)CCC(N)C(=O)O)C(=O)NCC(=O)O	https://doi.org/10.1074/jbc.M109.029165
γ-EL	Kokumi	CC(C)CC(NC(=O)CCC(N)C(=O)O)C(=O)O	https://doi.org/10.1021/jf803376d
Gly-Leu	Kokumi	CC(C)CC(NC(=O)CN)C(=O)O	https://zgtw.cbpt.cnki.net/WKC/WebPublication/paperDigest.aspx?paperID=a781d821-0d6d-4607-9974-a7397885a4f7
LAGE	Kokumi	CC(C)C[C@H](N)C(=O)N[C@@H](C)C(=O)NCC(=O)N[C@@H](CCC(=O)O)C(=O)O	https://doi.org/10.1016/j.foodchem.2022.134812
Leu-Tyr-Glu-Arg	Kokumi	CC(C)C[C@H](N)C(=O)N[C@@H](Cc1ccc(O)cc1)C(=O)N[C@@H](CCC(=O)O)C(=O)N[C@@H](CCCNC(=N)N)C(=O)O	https://doi.org/10.13386/j.issn1002-0306.2020030207;https://doi.org/10.1016/j.foodchem.2022.134812
Gly-Leu-Pro-Asp	Kokumi	CC(C)C[C@H](NC(=O)CN)C(=O)N1CCC[C@H]1C(=O)N[C@@H](CC(=O)O)C(=O)O	https://doi.org/10.3390/foods8020043;https://doi.org/10.1016/j.foodchem.2022.134812
asparaginyl-glycyl-glycyl-leucyl-glutamine	Kokumi	CC(C)C[C@H](NC(=O)CNC(=O)CNC(=O)[C@@H](N)CC(N)=O)C(=O)N[C@@H](CCC(N)=O)C(=O)O	https://doi.org/10.1021/acs.jafc.9b00905
AGLQFPVGR	Kokumi	CC(C)C[C@H](NC(=O)CNC(=O)[C@H](C)N)C(=O)N[C@@H](CCC(N)=O)C(=O)N[C@@H](Cc1ccccc1)C(=O)N1CCC[C@H]1C(=O)N[C@H](C(=O)NCC(=O)N[C@@H](CCCNC(=N)N)C(=O)O)C(C)C	https://doi.org/10.1016/j.foodchem.2022.134812
γ-EPLRVP	Kokumi	CC(C)C[C@H](NC(=O)[C@@H]1CCCN1C(=O)CC[C@@H]([N])C(=O)O)C(=O)N[C@@H](CCCNC(=N)N)C(=O)N[C@H](C(=O)N1CCC[C@H]1C(=O)O)C(C)C	https://doi.org/10.1021/acs.jafc.2c03944
DPLRGGYY	Kokumi	CC(C)C[C@H](NC(=O)[C@@H]1CCCN1C(=O)[C@@H](N)CC(=O)O)C(=O)N[C@@H](CCCNC(=N)N)C(=O)NCC(=O)NCC(=O)N[C@@H](Cc1ccc(O)cc1)C(=O)N[C@@H](Cc1ccc(O)cc1)C(=O)O	https://doi.org/10.1016/j.foodchem.2022.134812
Arg-Pro-Leu-Gly-Asn-Cys	Kokumi	CC(C)C[C@H](NC(=O)[C@@H]1CCCN1C(=O)[C@@H](N)CCCNC(=N)N)C(=O)NCC(=O)N[C@@H](CC(N)=O)C(=O)N[C@@H](CS)C(=O)O	https://doi.org/10.13386/j.issn1002-0306.2020030207
ALASLDGEFKG	Kokumi	CC(C)C[C@H](NC(=O)[C@H](C)N)C(=O)N[C@@H](C)C(=O)N[C@@H](CO)C(=O)N[C@@H](CC(C)C)C(=O)N[C@@H](CC(=O)O)C(=O)NCC(=O)N[C@@H](CCC(=O)O)C(=O)N[C@@H](Cc1ccccc1)C(=O)N[C@@H](CCCCN)C(=O)NCC(=O)O	https://doi.org/10.1016/j.foodchem.2022.134812
Cys-Ala-Leu-Thr-Pro	Kokumi	CC(C)C[C@H](NC(=O)[C@H](C)NC(=O)[C@@H](N)CS)C(=O)N[C@H](C(=O)N1CCC[C@H]1C(=O)O)[C@@H](C)O	https://doi.org/10.13386/j.issn1002-0306.2020030207
ESLPALP	Kokumi	CC(C)C[C@H](NC(=O)[C@H](C)NC(=O)[C@@H]1CCCN1C(=O)[C@H](CC(C)C)NC(=O)[C@H](CO)NC(=O)[C@@H](N)CCC(=O)O)C(=O)N1CCC[C@H]1C(=O)O	https://doi.org/10.1021/acs.jafc.2c01688
Tyr-Lys-Cys-Lys-Asp-Gly-Asp-Leu-Arg	Kokumi	CC(C)C[C@H](NC(=O)[C@H](CC(=O)O)NC(=O)CNC(=O)[C@H](CC(=O)O)NC(=O)[C@H](CCCCN)NC(=O)[C@H](CS)NC(=O)[C@H](CCCCN)NC(=O)[C@@H](N)Cc1ccc(O)cc1)C(=O)N[C@@H](CCCNC(=N)N)C(=O)O	https://doi.org/10.13386/j.issn1002-0306.2020030207
TPELLH	Kokumi	CC(C)C[C@H](NC(=O)[C@H](CC(C)C)NC(=O)[C@H](CCC(=O)O)NC(=O)[C@@H]1CCCN1C(=O)[C@@H](N)[C@@H](C)O)C(=O)N[C@@H](Cc1cnc[nH]1)C(=O)O	https://doi.org/10.1016/j.ijgfs.2023.100693
EELNVPG	Kokumi	CC(C)C[C@H](NC(=O)[C@H](CCC(=O)O)NC(=O)[C@@H](N)CCC(=O)O)C(=O)N[C@@H](CC(N)=O)C(=O)N[C@H](C(=O)N1CCC[C@H]1C(=O)NCC(=O)O)C(C)C	https://doi.org/10.1002/jsfa.12034;https://doi.org/10.1016/j.foodchem.2022.134812
Asn-Ser-Leu-Glu-Gly-Glu-Phe-Lys-Gly	Kokumi	CC(C)C[C@H](NC(=O)[C@H](CO)NC(=O)[C@@H](N)CC(N)=O)C(=O)N[C@@H](CCC(=O)O)C(=O)NCC(=O)N[C@@H](CCC(=O)O)C(=O)N[C@@H](Cc1ccccc1)C(=O)N[C@@H](CCCCN)C(=O)NCC(=O)O	https://doi.org/10.1111/ijfs.14122
ASLDGEFKG	Kokumi	CC(C)C[C@H](NC(=O)[C@H](CO)NC(=O)[C@H](C)N)C(=O)N[C@@H](CC(=O)O)C(=O)NCC(=O)N[C@@H](CCC(=O)O)C(=O)N[C@@H](Cc1ccccc1)C(=O)N[C@@H](CCCCN)C(=O)NCC(=O)O	https://doi.org/10.1016/j.foodchem.2022.134812
Trp-Val-Asn-Glu-Glu-Asp-His-Leu	Kokumi	CC(C)C[C@H](NC(=O)[C@H](Cc1cnc[nH]1)NC(=O)[C@H](CC(=O)O)NC(=O)[C@H](CCC(=O)O)NC(=O)[C@H](CCC(=O)O)NC(=O)[C@H](CC(N)=O)NC(=O)[C@@H](NC(=O)[C@@H](N)Cc1c[nH]c2ccccc12)C(C)C)C(=O)O	https://doi.org/10.1111/ijfs.14122
VPNSAEER	Kokumi	CC(C)[C@H](N)C(=O)N1CCC[C@H]1C(=O)N[C@@H](CC(N)=O)C(=O)N[C@@H](CO)C(=O)N[C@@H](C)C(=O)N[C@@H](CCC(=O)O)C(=O)N[C@@H](CCC(=O)O)C(=O)N[C@@H](CCCNC(=N)N)C(=O)O	https://doi.org/10.1002/jsfa.12034;https://doi.org/10.1016/j.foodchem.2022.134812
VGPDDDEKSW	Kokumi	CC(C)[C@H](N)C(=O)NCC(=O)N1CCC[C@H]1C(=O)N[C@@H](CC(=O)O)C(=O)N[C@@H](CC(=O)O)C(=O)N[C@@H](CC(=O)O)C(=O)N[C@@H](CCC(=O)O)C(=O)N[C@@H](CCCCN)C(=O)N[C@@H](CO)C(=O)N[C@@H](Cc1c[nH]c2ccccc12)C(=O)O	https://doi.org/10.1021/acs.jafc.1c03431;https://doi.org/10.1016/j.foodchem.2022.134812
Val-Asp-Gly-Arg	Kokumi	CC(C)[C@H](N)C(=O)N[C@@H](CC(=O)O)C(=O)NCC(=O)N[C@@H](CCCNC(=N)N)C(=O)O	https://doi.org/10.1111/jfpp.15778
VRGPFP	Kokumi	CC(C)[C@H](N)C(=O)N[C@@H](CCCNC(=N)N)C(=O)NCC(=O)N1CCC[C@H]1C(=O)N[C@@H](Cc1ccccc1)C(=O)N1CCC[C@H]1C(=O)O	https://doi.org/10.13982/j.mfst.1673-9078.2016.12.056
Val-Arg-Ser-Tyr	Kokumi	CC(C)[C@H](N)C(=O)N[C@@H](CCCNC(=N)N)C(=O)N[C@@H](CO)C(=O)N[C@@H](Cc1ccc(O)cc1)C(=O)O	https://doi.org/10.13386/j.issn1002-0306.2020030207;https://doi.org/10.1016/j.foodchem.2022.134812
Val-Arg-Ser-Thr	Kokumi	CC(C)[C@H](N)C(=O)N[C@@H](CCCNC(=N)N)C(=O)N[C@@H](CO)C(=O)N[C@H](C(=O)O)[C@@H](C)O	https://zgtw.cbpt.cnki.net/WKC/WebPublication/paperDigest.aspx?paperID=808d8813-6fb2-47e8-ac2c-2c5cdacda4d4
Val-Val-Thr-Asn-Pro-Ser-Arg-Pro-Trp	Kokumi	CC(C)[C@H](N)C(=O)N[C@H](C(=O)N[C@H](C(=O)N[C@@H](CC(N)=O)C(=O)N1CCC[C@H]1C(=O)N[C@@H](CO)C(=O)N[C@@H](CCCNC(=N)N)C(=O)N1CCC[C@H]1C(=O)N[C@@H](Cc1c[nH]c2ccccc12)C(=O)O)[C@@H](C)O)C(C)C	https://doi.org/10.13386/j.issn1002-0306.2020030207
γ-EVPNAPK	Kokumi	CC(C)[C@H](NC(=O)CC[C@@H]([N])C(=O)O)C(=O)N1CCC[C@H]1C(=O)N[C@@H](CC(N)=O)C(=O)N[C@H](C)C(=O)N1CCC[C@H]1C(=O)N[C@@H](CCCCN)C(=O)O	https://doi.org/10.1021/acs.jafc.2c03942
Pro-Gly-Gly-Val-Arg-Asn-Gly	Kokumi	CC(C)[C@H](NC(=O)CNC(=O)CNC(=O)[C@@H]1CCCN1)C(=O)N[C@@H](CCCNC(=N)N)C(=O)N[C@@H](CC(N)=O)C(=O)NCC(=O)O	https://doi.org/10.13386/j.issn1002-0306.2020030207
EVGYGY	Kokumi	CC(C)[C@H](NC(=O)[C@@H](N)CCC(=O)O)C(=O)NCC(=O)N[C@@H](Cc1ccc(O)cc1)C(=O)NCC(=O)N[C@@H](Cc1ccc(O)cc1)C(=O)O	https://doi.org/10.1021/acs.jafc.2c01688
EVG	Kokumi	CC(C)[C@H](NC(=O)[C@@H](N)CCC(=O)O)C(=O)NCC(=O)O	https://doi.org/10.1016/j.foodchem.2022.134812
GPVRGPFP	Kokumi	CC(C)[C@H](NC(=O)[C@@H]1CCCN1C(=O)CN)C(=O)N[C@@H](CCCNC(=N)N)C(=O)NCC(=O)N1CCC[C@H]1C(=O)N[C@@H](Cc1ccccc1)C(=O)N1CCC[C@H]1C(=O)O	https://doi.org/10.13982/j.mfst.1673-9078.2016.12.058
YPVEPFTER	Kokumi	CC(C)[C@H](NC(=O)[C@@H]1CCCN1C(=O)[C@@H](N)Cc1ccc(O)cc1)C(=O)N[C@@H](CCC(=O)O)C(=O)N1CCC[C@H]1C(=O)N[C@@H](Cc1ccccc1)C(=O)N[C@H](C(=O)N[C@@H](CCC(=O)O)C(=O)N[C@@H](CCCNC(=N)N)C(=O)O)[C@@H](C)O	https://doi.org/10.1002/jsfa.12034;https://doi.org/10.1016/j.foodchem.2022.134812
KEDVPSERY	Kokumi	CC(C)[C@H](NC(=O)[C@H](CC(=O)O)NC(=O)[C@H](CCC(=O)O)NC(=O)[C@@H](N)CCCCN)C(=O)N1CCC[C@H]1C(=O)N[C@@H](CO)C(=O)N[C@@H](CCC(=O)O)C(=O)N[C@@H](CCCNC(=N)N)C(=O)N[C@@H](Cc1ccc(O)cc1)C(=O)O	https://zgtw.cbpt.cnki.net/WKC/WebPublication/paperDigest.aspx?paperID=808d8813-6fb2-47e8-ac2c-2c5cdacda4d6
CKEVVRNANE	Kokumi	CC(C)[C@H](NC(=O)[C@H](CCC(=O)O)NC(=O)[C@H](CCCCN)NC(=O)[C@@H](N)CS)C(=O)N[C@H](C(=O)N[C@@H](CCCNC(=N)N)C(=O)N[C@@H](CC(N)=O)C(=O)N[C@@H](C)C(=O)N[C@@H](CC(N)=O)C(=O)N[C@@H](CCC(=O)O)C(=O)O)C(C)C	https://doi.org/10.1002/jsfa.12034
KSQAKEVK	Kokumi	CC(C)[C@H](NC(=O)[C@H](CCC(=O)O)NC(=O)[C@H](CCCCN)NC(=O)[C@H](C)NC(=O)[C@H](CCC(N)=O)NC(=O)[C@H](CO)NC(=O)[C@@H](N)CCCCN)C(=O)N[C@@H](CCCCN)C(=O)O	https://doi.org/10.1016/j.foodchem.2022.134812
YGGTPPFV	Kokumi	CC(C)[C@H](NC(=O)[C@H](Cc1ccccc1)NC(=O)[C@@H]1CCCN1C(=O)[C@@H]1CCCN1C(=O)[C@@H](NC(=O)CNC(=O)CNC(=O)[C@@H](N)Cc1ccc(O)cc1)[C@@H](C)O)C(=O)O	https://doi.org/10.1016/j.foodchem.2021.131124
TPDFVR	Kokumi	CC(C)[C@H](NC(=O)[C@H](Cc1ccccc1)NC(=O)[C@H](CC(=O)O)NC(=O)[C@@H]1CCCN1C(=O)[C@@H](N)[C@@H](C)O)C(=O)N[C@@H](CCCNC(=N)N)C(=O)O	https://doi.org/10.1016/j.ijgfs.2023.100693
Ala-Val	Kokumi	CC(N)C(=O)NC(C(=O)O)C(C)C	https://doi.org/10.13386/j.issn1002-0306.2020030207
Ala-Tyr	Kokumi	CC(N)C(=O)NC(Cc1ccc(O)cc1)C(=O)O	https://doi.org/10.13386/j.issn1002-0306.2020030207
β-Ala-His	Kokumi	CC(N)C(=O)NC(Cc1cnc[nH]1)C(=O)O	https://zgtw.cbpt.cnki.net/WKC/WebPublication/paperDigest.aspx?paperID=a781d821-0d6d-4607-9974-a7397885a4f9
N-(1-methyl-4-hydroxy-3-imidazolin-2,2-ylidene)alanine	Kokumi	CC(N=C1N=C(O)CN1C)C(=O)O	https://doi.org/10.1021/jf9708709
LA	Kokumi	CC(NC(=O)C(N)CCCCN)C(=O)O	https://doi.org/10.7506/spkx1002-6630-201523057 
Valerylprolyl alanine	Kokumi	CC(NC(=O)C1CCCN1C(=O)C(N)C(C)C)C(=O)O	https://doi.org/10.1021/acs.jafc.9b00905
γ-l-glutamyl-β-alanyl-l-histidine	Kokumi	CC(NC(=O)CCC(N)C(=O)O)C(=O)NC(CC1=C[N]C=N1)C(=O)O	https://doi.org/10.1021/acs.jafc.1c06965
γ-Glu-Ala-Lys	Kokumi	CC(NC(=O)CCC(N)C(=O)O)C(=O)NC(CCCC[N])C(=O)O	https://doi.org/10.1021/acs.jafc.3c01467
γ-EAG	Kokumi	CC(NC(=O)CCC(N)C(=O)O)C(=O)NCC(=O)O	https://doi.org/10.7506/spkx1002-6630-201519055
γ-EA	Kokumi	CC(NC(=O)CCC(N)C(=O)O)C(=O)O	https://doi.org/10.1016/j.tifs.2019.07.022;https://doi.org/10.1016/j.foodchem.2020.128018
Cinacalcet	Kokumi	CC(NCCCc1cccc(C(F)(F)F)c1)c1cccc2ccccc12	https://doi.org/10.1074/jbc.M109.029165
N-l-Lactoyl phenylalanine  	Kokumi	CC(O)C(=O)NC(Cc1ccccc1)C(=O)O	https://doi.org/10.1021/acs.jafc.2c00530 
Phe-Thr	Kokumi	CC(O)C(NC(=O)C(N)Cc1ccccc1)C(=O)O	https://doi.org/10.1016/j.jchromb.2018.10.025
γ-Glu-Thr-Gly	Kokumi	CC(O)C(NC(=O)CCC(N)C(=O)O)C(=O)NCC(=O)O	https://doi.org/10.1074/jbc.M109.029165
γ-Glu-Thr	Kokumi	CC(O)C(NC(=O)CCC(N)C(=O)O)C(=O)O	https://doi.org/10.1016/j.foodchem.2020.128018
1-acetoxy-2-hydroxy-4-oxoheneicosa-5,12,15-triene	Kokumi	CC=CCC=CCCCCCC=CC(=O)CC(O)COC(C)=O	https://doi.org/10.1021/jf103848p
1-acetoxy-2-hydroxy-4-oxoheneicosa-12,15-diene	Kokumi	CC=CCC=CCCCCCCCC(=O)CC(O)COC(C)=O	https://doi.org/10.1021/jf103848p
Trans-(+)-S-propenyl-l-cysteine sulfoxide	Kokumi	CC=CS(=O)CC(N)C(=O)O	https://doi.org/10.1271/bbb.58.108 
γ-L-Glu-L-Cys-L-Cys-(+/−)-SO	Kokumi	CC=CS(=O)CC(NC(=O)C(CS)NC(=O)CCC(N)C(=O)O)C(=O)O	https://www.surechembl.org/document/US-20110104351-A1
γ-glutamyl-trans-S-propenyl-l-cysteine sulfoxide	Kokumi	CC=CS(=O)CC(NC(=O)CCC([N])C(=O)O)C(=O)O	https://doi.org/10.1271/bbb.58.108 
 γ-L-glutamyl-(E)-S-1-propenyl-L-cysteinyl-γ-L-glutamyl-(E)-S-1-propenyl-L-cysteine[γ-L-Glu-L-Cys-γ-L-Glu-L-Cys]	Kokumi	CC=CSCC(NC(=O)CC(NC(=O)C(CSC=CC)NC(=O)CCC(N)C(=O)O)C(=O)O)C(=O)O	https://www.surechembl.org/document/US-20110104351-A1
glu-(E)-S-(propen-1-yl)-L-cys-(E)-S-(propen-1-yl)-L-cys-(+/−)-SO	Kokumi	CC=CSCC(NC(=O)CCC(N)C(=O)O)C(=O)NC(CS(=O)C=CC)C(=O)O	https://www.surechembl.org/document/US-20110104351-A1
Ile-Val	Kokumi	CCC(C)C(N)C(=O)NC(C(=O)O)C(C)C	https://doi.org/10.1016/j.jchromb.2018.10.025
Ile-Thr	Kokumi	CCC(C)C(N)C(=O)NC(C(=O)O)C(C)O	https://doi.org/10.1016/j.jchromb.2018.10.025
Ile-Glu	Kokumi	CCC(C)C(N)C(=O)NC(CCC(=O)O)C(=O)O	https://doi.org/10.1002/jsfa.10626
Ile-Gln	Kokumi	CCC(C)C(N)C(=O)NC(CCC(N)=O)C(=O)O	https://doi.org/10.1016/j.jchromb.2018.10.025
γ-Glu-Ala-Ile	Kokumi	CCC(C)C(NC(=O)C(C)NC(=O)CCC(N)C(=O)O)C(=O)O	https://doi.org/10.1021/acs.jafc.3c01467
γ-Glu-Ile-Lys	Kokumi	CCC(C)C(NC(=O)CCC(N)C(=O)O)C(=O)NC(CCCCN)C(=O)O	https://doi.org/10.1021/acs.jafc.3c01467
γ-Glu-Ile-Met	Kokumi	CCC(C)C(NC(=O)CCC(N)C(=O)O)C(=O)NC(CCSC)C(=O)O	https://doi.org/10.1021/acs.jafc.3c01467
γ-Glu-Ile-Gly	Kokumi	CCC(C)C(NC(=O)CCC(N)C(=O)O)C(=O)NCC(=O)O	https://doi.org/10.1074/jbc.M109.029165
γ-EI	Kokumi	CCC(C)C(NC(=O)CCC(N)C(=O)O)C(=O)O	https://doi.org/10.1016/j.tifs.2019.07.022
N-acetylisoleucine	Kokumi	CCC(C)C(NC(C)=O)C(=O)O	https://doi.org/10.1021/acs.jafc.9b01832;https://patents.justia.com/patent/20140127144
γ-Glu-Abu-Gly	Kokumi	CCC(NC(=O)CCC(N)C(=O)O)C(=O)NCC(=O)O	https://doi.org/10.1016/j.tifs.2019.07.022;https://doi.org/10.1021/acs.jafc.2c03702
(9Z,15E)-14-oxo-9,15-octadecadien-12-ynoic acid	Kokumi	CCC=CC(=O)C#CCC=CCCCCCCCC(=O)O	https://doi.org/10.1021/acs.jafc.0c02034
γ-glutamylnorvaline	Kokumi	CCCC(NC(=O)CCC(N)C(=O)O)C(=O)NC(C(=O)O)C(C)C	https://doi.org/10.1248/cpb.c16-00293
γ-glutamylnorvalylglycine	Kokumi	CCCC(NC(=O)CCC(N)C(=O)O)C(=O)NCC(=O)O	https://doi.org/10.1248/cpb.c16-00293
3-(((4-amino-2-methylpyrimidin-5-yl)methyl)thio)pentan-2-one	Kokumi	CCCC(SCc1cnc(C)nc1N)C(C)=O	https://doi.org/10.1021/acs.jafc.9b05896
14,15-dehydrocrepenynic acid	Kokumi	CCCC=CC#CCC=CCCCCCCCC(=O)O	https://doi.org/10.1021/acs.jafc.0c02034
14,15-dehydrocrepenynic acid methyl ester	Kokumi	CCCC=CC#CCC=CCCCCCCCC(=O)OC	https://doi.org/10.1021/acs.jafc.0c02034
14,15-dehydrocrepenynic acid ethyl ester	Kokumi	CCCC=CC#CCC=CCCCCCCCC(=O)OCC	https://doi.org/10.1021/acs.jafc.0c02034
N-pentanoyl-L-phenylalanine	Kokumi	CCCCC(=O)NC(Cc1ccccc1)C(=O)O	https://patents.justia.com/patent/20140127144
γ-Glu-Val-Met	Kokumi	CCCCC(NC(=O)C(NC(=O)CCC(N)C(=O)O)C(C)C)C(=O)O	https://doi.org/10.1074/jbc.M109.029165
1-acetoxy-2-hydroxy-4-oxo-octadeca-12-ene	Kokumi	CCCCC=CCCCCCCCC(=O)CC(O)CC(=O)C(C)=O	https://doi.org/10.1021/jf103848p
N-Hexanoyl-L-leucine	Kokumi	CCCCCC(=O)NC(CC(C)C)C(=O)O	https://patents.justia.com/patent/20140127144
1-acetoxy-2,4-dihydroxyheneicosa-12,15-diene	Kokumi	CCCCCC=CCC=CCCCCCCCC(O)CC(O)COC(C)=O	https://doi.org/10.1021/jf103848p
N-(1-oxooctyl)-l-tyrosine	Kokumi	CCCCCCCC(=O)NC(Cc1ccc(O)cc1)C(=O)O	https://doi.org/10.1021/acs.jafc.7b00975
N-(1-oxodecanyl)-l-tyrosine	Kokumi	CCCCCCCCCC(=O)NC(Cc1ccc(O)cc1)C(=O)O	https://doi.org/10.1021/acs.jafc.7b00975
N-(1-oxododecanyl)-l-tyrosine	Kokumi	CCCCCCCCCCCC(=O)NC(Cc1ccc(O)cc1)C(=O)O	https://doi.org/10.1021/acs.jafc.7b00975
1-acetoxy-2-hydroxy-4-oxoheptadecane	Kokumi	CCCCCCCCCCCCCC(=O)CC(O)COC(C)=O	https://doi.org/10.1021/jf103848p
N-(1-oxomyristinyl)-l-tyrosine	Kokumi	CCCCCCCCCCCCCC(=O)NC(Cc1ccc(O)cc1)C(=O)O	https://doi.org/10.1021/acs.jafc.7b00975
N-(1-oxopalmityl)-l-tyrosine	Kokumi	CCCCCCCCCCCCCCCC(=O)NC(Cc1ccc(O)cc1)C(=O)O	https://doi.org/10.1021/acs.jafc.7b00975
N-(1-oxooleoyl)-l-tyrosine	Kokumi	CCCCCCCCCCCCCCCCCC(=O)NC(Cc1ccc(O)cc1)C(=O)O	https://doi.org/10.1021/acs.jafc.7b00975
S-propyl-l-cysteine sulfoxide (propiin)	Kokumi	CCCS(=O)CC([NH3+])C(=O)[O-]	https://doi.org/10.1016/j.tifs.2019.07.022
theanine	Kokumi	CCNC(=O)CCC(N)C(=O)O	https://doi.org/10.3390/molecules27175677
N-acetyl-L-theanine	Kokumi	CCNC(=O)CCC(NC(C)=O)C(=O)O	Tingting Duan. Research on strong feeling substances and bitter taste inhibitors containing amino acid structure. Huazhong Agricultural University, 2016.
IQKEDVPSERY	Kokumi	CC[C@H](C)[C@H](N)C(=O)N[C@@H](CCC(N)=O)C(=O)N[C@@H](CCCCN)C(=O)N[C@@H](CCC(=O)O)C(=O)N[C@@H](CC(=O)O)C(=O)N[C@H](C(=O)N1CCC[C@H]1C(=O)N[C@@H](CO)C(=O)N[C@@H](CCC(=O)O)C(=O)N[C@@H](CCCNC(=N)N)C(=O)N[C@@H](Cc1ccc(O)cc1)C(=O)O)C(C)C	https://zgtw.cbpt.cnki.net/WKC/WebPublication/paperDigest.aspx?paperID=808d8813-6fb2-47e8-ac2c-2c5cdacda4d7
IHNSLPQN	Kokumi	CC[C@H](C)[C@H](N)C(=O)N[C@@H](Cc1cnc[nH]1)C(=O)N[C@@H](CC(N)=O)C(=O)N[C@@H](CO)C(=O)N[C@@H](CC(C)C)C(=O)N1CCC[C@H]1C(=O)N[C@@H](CCC(N)=O)C(=O)N[C@@H](CC(N)=O)C(=O)O	https://doi.org/10.13982/j.mfst.1673-9078.2016.12.059
DAGVIAGLNVLR	Kokumi	CC[C@H](C)[C@H](NC(=O)[C@@H](NC(=O)CNC(=O)[C@H](C)NC(=O)[C@@H](N)CC(=O)O)C(C)C)C(=O)N[C@@H](C)C(=O)NCC(=O)N[C@@H](CC(C)C)C(=O)N[C@@H](CC(N)=O)C(=O)N[C@H](C(=O)N[C@@H](CC(C)C)C(=O)N[C@@H](CCCNC(=N)N)C(=O)O)C(C)C	https://doi.org/10.1016/j.foodchem.2022.134812
KDLFDPVIQD	Kokumi	CC[C@H](C)[C@H](NC(=O)[C@@H](NC(=O)[C@@H]1CCCN1C(=O)[C@H](CC(=O)O)NC(=O)[C@H](Cc1ccccc1)NC(=O)[C@H](CC(C)C)NC(=O)[C@H](CC(=O)O)NC(=O)[C@@H](N)CCCCN)C(C)C)C(=O)N[C@@H](CCC(N)=O)C(=O)N[C@@H](CC(=O)O)C(=O)O	https://doi.org/10.1111/ijfs.14122
DEDEQPRPIP	Kokumi	CC[C@H](C)[C@H](NC(=O)[C@@H]1CCCN1C(=O)[C@H](CCCNC(=N)N)NC(=O)[C@@H]1CCCN1C(=O)[C@H](CCC(N)=O)NC(=O)[C@H](CCC(=O)O)NC(=O)[C@H](CC(=O)O)NC(=O)[C@H](CCC(=O)O)NC(=O)[C@@H](N)CC(=O)O)C(=O)N1CCC[C@H]1C(=O)O	https://doi.org/10.1021/acs.jafc.1c03431;https://doi.org/10.1016/j.foodchem.2022.134812
RGENESEEEGAIVT	Kokumi	CC[C@H](C)[C@H](NC(=O)[C@H](C)NC(=O)CNC(=O)[C@H](CCC(=O)O)NC(=O)[C@H](CCC(=O)O)NC(=O)[C@H](CCC(=O)O)NC(=O)[C@H](CO)NC(=O)[C@H](CCC(=O)O)NC(=O)[C@H](CC(N)=O)NC(=O)[C@H](CCC(=O)O)NC(=O)CNC(=O)[C@@H](N)CCCNC(=N)N)C(=O)N[C@H](C(=O)N[C@H](C(=O)O)[C@@H](C)O)C(C)C	https://doi.org/10.1016/j.foodchem.2022.134812
HLQLAIR	Kokumi	CC[C@H](C)[C@H](NC(=O)[C@H](C)NC(=O)[C@H](CC(C)C)NC(=O)[C@H](CCC(N)=O)NC(=O)[C@H](CC(C)C)NC(=O)[C@@H](N)Cc1c[nH]cn1)C(=O)N[C@@H](CCCNC(=N)N)C(=O)O	https://doi.org/10.1016/j.foodchem.2022.134812
creatine	Kokumi	CN(CC(=O)O)C(=N)N	https://doi.org/10.1016/j.foodchem.2010.02.072
creatinine	Kokumi	CN1CC(=O)N=C1N	https://doi.org/10.1016/j.foodchem.2010.02.072
S-Methyl-L-cysteine sulfoxide	Kokumi	CS(=O)CC(N)C(=O)O	 https://doi.org/10.1271/bbb1961.54.163;https://doi.org/10.1016/j.tifs.2019.07.022
S-(Methyl)glutathione	Kokumi	CSCC(NC(=O)CCC(N)C(=O)O)C(=O)NCC(=O)O	https://doi.org/10.3390/foods11152289;https://doi.org/10.1074/jbc.M109.029165
γ-glutamyl-S-methyl-cysteine	Kokumi	CSCC(NC(=O)CCC(N)C(=O)O)C(=O)O	https://doi.org/10.1016/j.tifs.2019.07.022;https://doi.org/10.1074/jbc.M109.029165
Val-Met	Kokumi	CSCCC(NC(=O)C(N)C(C)C)C(=O)O	https://doi.org/10.1016/j.jchromb.2018.10.025
LM	Kokumi	CSCCC(NC(=O)C(N)CC(C)C)C(=O)O	https://doi.org/10.1111/ijfs.13893
CMT	Kokumi	CSCCC(NC(=O)C(N)CS)C(=O)NC(C(=O)O)C(C)O	https://doi.org/10.1111/ijfs.13893
γ-EMG	Kokumi	CSCCC(NC(=O)CCC(N)C(=O)O)C(=O)NCC(=O)O	https://doi.org/10.7506/spkx1002-6630-201519065
γ-EM	Kokumi	CSCCC(NC(=O)CCC(N)C(=O)O)C(=O)O	https://doi.org/10.1021/jf803376d;https://doi.org/10.1002/fsn3.1845;https://doi.org/10.1074/jbc.M109.029165
γ-E-γ-EM	Kokumi	CSCCC(NC(=O)CCC(NC(=O)CCC(N)C(=O)O)C(=O)O)C(=O)O	https://doi.org/10.1016/j.tifs.2019.07.022;https://doi.org/10.1002/fsn3.1845
γ-E-γ-E-γ-EM	Kokumi	CSCCC(NC(=O)CCC(NC(=O)CCC(NC(=O)CCC(N)C(=O)O)C(=O)O)C(=O)O)C(=O)O	https://doi.org/10.1016/j.tifs.2019.07.022;https://doi.org/10.1002/fsn3.1845
γ-E-γ-E-γ-E-γ-EM	Kokumi	CSCCC(NC(=O)CCC(NC(=O)CCC(NC(=O)CCC(NC(=O)CCC(N)C(=O)O)C(=O)O)C(=O)O)C(=O)O)C(=O)O	https://doi.org/10.1016/j.tifs.2019.07.022
γ-E-γ-E-γ-E-γ-E-γ-EM	Kokumi	CSCCC(NC(=O)CCC(NC(=O)CCC(NC(=O)CCC(NC(=O)CCC(NC(=O)CCC(N)C(=O)O)C(=O)O)C(=O)O)C(=O)O)C(=O)O)C(=O)O	https://doi.org/10.1016/j.tifs.2019.07.022
N-acetylmethionine	Kokumi	CSCCC(NC(C)=O)C(=O)O	https://doi.org/10.1021/acs.jafc.9b01832;https://patents.justia.com/patent/20140127144;https://patents.justia.com/patent/20140127144
MTTFTW	Kokumi	CSCC[C@H](N)C(=O)N[C@H](C(=O)N[C@H](C(=O)N[C@@H](Cc1ccccc1)C(=O)N[C@H](C(=O)N[C@@H](Cc1c[nH]c2ccccc12)C(=O)O)[C@@H](C)O)[C@@H](C)O)[C@@H](C)O	https://doi.org/10.1021/acs.jafc.2c01688
CMT	Kokumi	CSCC[C@H](NC(=O)[C@@H](N)CS)C(=O)N[C@H](C(=O)O)[C@@H](C)O	https://doi.org/10.1016/j.foodchem.2022.134812
Glu-His-Ala-Met-Leu-Asn	Kokumi	CSCC[C@H](NC(=O)[C@H](C)NC(=O)[C@H](Cc1cnc[nH]1)NC(=O)[C@@H](N)CCC(=O)O)C(=O)N[C@@H](CC(C)C)C(=O)N[C@@H](CC(N)=O)C(=O)O	https://doi.org/10.13386/j.issn1002-0306.2020030207
WDDMEK	Kokumi	CSCC[C@H](NC(=O)[C@H](CC(=O)O)NC(=O)[C@H](CC(=O)O)NC(=O)[C@@H](N)Cc1c[nH]c2ccccc12)C(=O)N[C@@H](CCC(=O)O)C(=O)N[C@@H](CCCCN)C(=O)O	https://doi.org/10.1016/j.foodchem.2022.134812
VPYGPARDMP	Kokumi	CSCC[C@H](NC(=O)[C@H](CC(=O)O)NC(=O)[C@H](CCCNC(=N)N)NC(=O)[C@H](C)NC(=O)[C@@H]1CCCN1C(=O)CNC(=O)[C@H](Cc1ccc(O)cc1)NC(=O)[C@@H]1CCCN1C(=O)[C@@H](N)C(C)C)C(=O)N1CCC[C@H]1C(=O)O	https://doi.org/10.13982/j.mfst.1673-9078.2016.12.057
γ-EEMFPSPR	Kokumi	CSCC[C@H](NC(=O)[C@H](CCC(=O)O)NC(=O)CC[C@@H]([N])C(=O)O)C(=O)N[C@@H](Cc1ccccc1)C(=O)N1CCC[C@H]1C(=O)N[C@@H](CO)C(=O)N1CCC[C@H]1C(=O)N[C@@H](CCCNC(=N)N)C(=O)O	https://doi.org/10.1021/acs.jafc.2c03941
PVARMCR	Kokumi	CSCC[C@H](NC(=O)[C@H](CCCNC(=N)N)NC(=O)[C@H](C)NC(=O)[C@@H](NC(=O)[C@@H]1CCCN1)C(C)C)C(=O)N[C@@H](CS)C(=O)N[C@@H](CCCNC(=N)N)C(=O)O	https://doi.org/10.1016/j.foodchem.2021.131124;https://zgtw.cbpt.cnki.net/WKC/WebPublication/paperDigest.aspx?paperID=808d8813-6fb2-47e8-ac2c-2c5cdacda4d5
Thr-Leu-Arg-Arg-Cys-Met	Kokumi	CSCC[C@H](NC(=O)[C@H](CS)NC(=O)[C@H](CCCNC(=N)N)NC(=O)[C@H](CCCNC(=N)N)NC(=O)[C@H](CC(C)C)NC(=O)[C@@H](N)[C@@H](C)O)C(=O)O	https://doi.org/10.13386/j.issn1002-0306.2020030207
Asp-Pro-Leu-Arg-Tyr-Met	Kokumi	CSCC[C@H](NC(=O)[C@H](Cc1ccc(O)cc1)NC(=O)[C@H](CCCNC(=N)N)NC(=O)[C@H](CC(C)C)NC(=O)[C@@H]1CCCN1C(=O)[C@@H](N)CC(=O)O)C(=O)O	https://doi.org/10.13386/j.issn1002-0306.2020030207
Gly-Pro-Asp-Pro-Leu-Arg-Tyr-Met	Kokumi	CSCC[C@H](NC(=O)[C@H](Cc1ccc(O)cc1)NC(=O)[C@H](CCCNC(=N)N)NC(=O)[C@H](CC(C)C)NC(=O)[C@@H]1CCCN1C(=O)[C@H](CC(=O)O)NC(=O)[C@@H]1CCCN1C(=O)CN)C(=O)O	https://doi.org/10.13386/j.issn1002-0306.2020030207
2-methyl-5-((methylthio)methyl)pyrimidin-4-amine	Kokumi	CSCc1cnc(C)nc1N	https://doi.org/10.1021/acs.jafc.9b05896
(4-amino-2-methylpyrimidin-5-yl)methanethiol  	Kokumi	CSc1cnc(C)nc1N	https://doi.org/10.1021/acs.jafc.0c01849
TESSSE	Kokumi	C[C@@H](O)[C@H](N)C(=O)N[C@@H](CCC(=O)O)C(=O)N[C@@H](CO)C(=O)N[C@@H](CO)C(=O)N[C@@H](CO)C(=O)N[C@@H](CCC(=O)O)C(=O)O	https://doi.org/10.1016/j.foodchem.2022.134812
FTKK	Kokumi	C[C@@H](O)[C@H](NC(=O)[C@@H](N)Cc1ccccc1)C(=O)N[C@@H](CCCCN)C(=O)N[C@@H](CCCCN)C(=O)O	https://doi.org/10.1002/jsfa.12034;https://doi.org/10.1016/j.foodchem.2022.134812
γ-EGGCYTP	Kokumi	C[C@@H](O)[C@H](NC(=O)[C@H](Cc1ccc(O)cc1)NC(=O)[C@H](CS)NC(=O)CNC(=O)CNC(=O)CC[C@@H]([N])C(=O)O)C(=O)N1CCC[C@H]1C(=O)O	https://doi.org/10.1021/acs.jafc.2c03943
AGFAGDDAPR	Kokumi	C[C@H](N)C(=O)NCC(=O)N[C@@H](Cc1ccccc1)C(=O)N[C@@H](C)C(=O)NCC(=O)N[C@@H](CC(=O)O)C(=O)N[C@@H](CC(=O)O)C(=O)N[C@@H](C)C(=O)N1CCC[C@H]1C(=O)N[C@@H](CCCNC(=N)N)C(=O)O	https://doi.org/10.1016/j.foodchem.2022.134812
aspartyl-alanyl-tryptophyl-proline	Kokumi	C[C@H](NC(=O)[C@@H](N)CC(=O)O)C(=O)N[C@@H](Cc1c[nH]c2ccccc12)C(=O)N1CCC[C@H]1C(=O)O	https://doi.org/10.1021/acs.jafc.9b00905
PGPAGPAGP	Kokumi	C[C@H](NC(=O)[C@@H]1CCCN1C(=O)CNC(=O)[C@H](C)NC(=O)[C@@H]1CCCN1C(=O)CNC(=O)[C@@H]1CCCN1)C(=O)NCC(=O)N1CCC[C@H]1C(=O)O	https://doi.org/10.1016/j.foodchem.2022.134812
γ-ENDPARP	Kokumi	C[C@H](NC(=O)[C@@H]1CCCN1C(=O)[C@H](CC(=O)O)NC(=O)[C@H](CC(N)=O)NC(=O)CC[C@@H]([N])C(=O)O)C(=O)N[C@@H](CCCNC(=N)N)C(=O)N1CCC[C@H]1C(=O)O	https://doi.org/10.1021/acs.jafc.2c03945
(4-amino-2-methylpyrimidin-5-yl)methanethiol	Kokumi	Cc1ncc(CS)c(N)n1	https://doi.org/10.1021/acs.jafc.9b05896
S-((4-amino-2-methylpyrimidin-5-yl)methyl)-l-cysteinylglycine	Kokumi	Cc1ncc(CSCC(N)C(=O)NC(=O)O)c(N)n1	https://doi.org/10.1021/acs.jafc.0c01849
(S)-((4-amino-2-methylpyrimidin-5-yl)methyl)-l-cysteine	Kokumi	Cc1ncc(CSCC(N)C(=O)O)c([N])n1	https://doi.org/10.1021/acs.jafc.9b05896
(S)-3-((((4-amino-2-methylpyrimidin-5-yl)methyl)thio)methyl)piperazine-2,5-dione	Kokumi	Cc1ncc(CSCC2NC(=O)CNC2=O)c(N)n1	https://doi.org/10.1021/acs.jafc.9b05896
5-(((furan-2-ylmethyl)thio)methyl)-2-methylpyrimidin-4-amine	Kokumi	Cc1ncc(CSCc2ccco2)c(N)n1	https://doi.org/10.1021/acs.jafc.9b05896
2-methyl-5-(((2-methylfuran-3-yl)thio)methyl)pyrimidin-4-amine	Kokumi	Cc1ncc(CSc2ccoc2C)c(N)n1	https://doi.org/10.1021/acs.jafc.9b05896
thiamine	Kokumi	Cc1ncc(C[n+]2csc(CCO)c2C)c(N)n1	https://doi.org/10.1021/acs.jafc.0c01849
γ-ENG	Kokumi	N=C(N)NCCCC(NC(=O)CCC(N)C(=O)O)C(=O)NCC(=O)O	https://doi.org/10.7506/spkx1002-6630-201519057
γ-Glu-Arg	Kokumi	N=C(N)NCCCC(NC(=O)CCC(N)C(=O)O)C(=O)O	https://doi.org/10.1016/j.foodchem.2020.128018
RWDGRG	Kokumi	N=C(N)NCCC[C@H](NC(=O)CNC(=O)[C@H](CC(=O)O)NC(=O)[C@H](Cc1c[nH]c2ccccc12)NC(=O)[C@@H](N)CCCNC(=N)N)C(=O)NCC(=O)O	https://doi.org/10.1016/j.foodchem.2022.134812
Asp-Arg-Glu-Lys-Phe-Asp-Glu	Kokumi	N=C(N)NCCC[C@H](NC(=O)[C@@H](N)CC(=O)O)C(=O)N[C@@H](CCC(=O)O)C(=O)N[C@@H](CCCCN)C(=O)N[C@@H](Cc1ccccc1)C(=O)N[C@@H](CC(=O)O)C(=O)N[C@@H](CCC(=O)O)C(=O)O	https://zgtw.cbpt.cnki.net/WKC/WebPublication/paperDigest.aspx?paperID=a781d821-0d6d-4607-9974-a7397885a4f6;https://doi.org/10.1016/j.foodchem.2022.134812
DEGEQPRPFP	Kokumi	N=C(N)NCCC[C@H](NC(=O)[C@@H]1CCCN1C(=O)[C@H](CCC(N)=O)NC(=O)[C@H](CCC(=O)O)NC(=O)CNC(=O)[C@H](CCC(=O)O)NC(=O)[C@@H](N)CC(=O)O)C(=O)N1CCC[C@H]1C(=O)N[C@@H](Cc1ccccc1)C(=O)N1CCC[C@H]1C(=O)O	https://doi.org/10.1021/acs.jafc.1c03431;https://doi.org/10.1016/j.foodchem.2022.134812
Lys-Gly-Arg-Tyr-Glu-Arg	Kokumi	N=C(N)NCCC[C@H](NC(=O)[C@H](CCC(=O)O)NC(=O)[C@H](Cc1ccc(O)cc1)NC(=O)[C@H](CCCNC(=N)N)NC(=O)CNC(=O)[C@@H](N)CCCCN)C(=O)O	https://doi.org/10.13386/j.issn1002-0306.2020030207;https://doi.org/10.1016/j.foodchem.2022.134812
DFKREP	Kokumi	N=C(N)NCCC[C@H](NC(=O)[C@H](CCCCN)NC(=O)[C@H](Cc1ccccc1)NC(=O)[C@@H](N)CC(=O)O)C(=O)N[C@@H](CCC(=O)O)C(=O)N1CCC[C@H]1C(=O)O	https://doi.org/10.1016/j.foodchem.2022.134812
RPHR	Kokumi	N=C(N)NCCC[C@H](NC(=O)[C@H](Cc1c[nH]cn1)NC(=O)[C@@H]1CCCN1C(=O)[C@@H](N)CCCNC(=N)N)C(=O)O	https://doi.org/10.1016/j.foodchem.2022.134812
HFR	Kokumi	N=C(N)NCCC[C@H](NC(=O)[C@H](Cc1ccccc1)NC(=O)[C@@H](N)Cc1c[nH]cn1)C(=O)O	https://doi.org/10.1016/j.foodchem.2022.134812
γ-ERG	Kokumi	N=C(NCCCC(N)C(=O)NCC(=O)O)NC(=O)CCC(N)C(=O)O	https://doi.org/10.7506/spkx1002-6630-201519056
γ-Glu-Asn	Kokumi	NC(=O)CC(NC(=O)CCC(N)C(=O)O)C(=O)O	https://doi.org/10.1016/j.foodchem.2020.128018
Phe-Gln	Kokumi	NC(=O)CCC(NC(=O)C(N)Cc1ccccc1)C(=O)O	https://doi.org/10.1016/j.jchromb.2018.10.025
γ-EQG	Kokumi	NC(=O)CCC(NC(=O)CCC(N)C(=O)O)C(=O)NCC(=O)O	https://doi.org/10.7506/spkx1002-6630-201519059
γ-EQ	Kokumi	NC(=O)CCC(NC(=O)CCC(N)C(=O)O)C(=O)O	https://doi.org/10.1021/jf803376d
Asp-Pro	Kokumi	NC(CC(=O)O)C(=O)N1CCCC1C(=O)O	https://doi.org/10.1111/ijfs.14271
Val-Hyp	Kokumi	NC(CCC(=O)N1CC(O)CC1C(=O)O)C(=O)O	https://zgtw.cbpt.cnki.net/WKC/WebPublication/paperDigest.aspx?paperID=a781d821-0d6d-4607-9974-a7397885a4f11
γ-Glu-Pro-Ser	Kokumi	NC(CCC(=O)N1CCCC1C(=O)NC(CO)C(=O)O)C(=O)O	https://doi.org/10.1016/j.foodres.2022.111932
γ-Glu-Pro-Ala	Kokumi	NC(CCC(=O)N1CCCC1C(=O)NCC(=O)O)C(=O)O	https://doi.org/10.1016/j.foodres.2022.111932;https://doi.org/10.1074/jbc.M109.029165
γ-ED	Kokumi	NC(CCC(=O)NC(CC(=O)O)C(=O)O)C(=O)O	https://doi.org/10.1016/j.tifs.2019.07.022
γ-EHG	Kokumi	NC(CCC(=O)NC(CC1=C[N]C=N1)C(=O)NCC(=O)O)C(=O)O	https://doi.org/10.7506/spkx1002-6630-201519062
γ-EWG	Kokumi	NC(CCC(=O)NC(CC1=C[N]c2ccccc21)C(=O)NCC(=O)O)C(=O)O	https://doi.org/10.7506/spkx1002-6630-201519063
γ-Glu-γ-Glu-γ-Glu-γ-Glu-γ-Glu-Phe	Kokumi	NC(CCC(=O)NC(CCC(=O)NC(CCC(=O)NC(CCC(=O)NC(CCC(=O)NC(Cc1ccccc1)C(=O)O)C(=O)O)C(=O)O)C(=O)O)C(=O)O)C(=O)O	https://doi.org/10.1016/j.tifs.2019.07.022
γ‐Glu-γ-Glu-γ-Glu-γ-Glu-Tyr	Kokumi	NC(CCC(=O)NC(CCC(=O)NC(CCC(=O)NC(CCC(=O)NC(Cc1ccc(O)cc1)C(=O)O)C(=O)O)C(=O)O)C(=O)O)C(=O)O	https://doi.org/10.1002/fsn3.1845
γ-Glu-γ-Glu-γ-Glu-γ-Glu-Phe	Kokumi	NC(CCC(=O)NC(CCC(=O)NC(CCC(=O)NC(CCC(=O)NC(Cc1ccccc1)C(=O)O)C(=O)O)C(=O)O)C(=O)O)C(=O)O	https://doi.org/10.1016/j.tifs.2019.07.022
γ‐Glu-γ-Glu-γ-Glu-Tyr	Kokumi	NC(CCC(=O)NC(CCC(=O)NC(CCC(=O)NC(Cc1ccc(O)cc1)C(=O)O)C(=O)O)C(=O)O)C(=O)O	https://doi.org/10.1002/fsn3.1845
γ-Glu-γ-Glu-γ-Glu-Phe	Kokumi	NC(CCC(=O)NC(CCC(=O)NC(CCC(=O)NC(Cc1ccccc1)C(=O)O)C(=O)O)C(=O)O)C(=O)O	https://doi.org/10.1016/j.tifs.2019.07.022;https://doi.org/10.1002/fsn3.1845
γ-Glu-γ-Glu-Glu	Kokumi	NC(CCC(=O)NC(CCC(=O)NC(CCC(=O)O)C(=O)O)C(=O)O)C(=O)O	https://doi.org/10.1021/acs.jafc.3c01467
γ‐Glu-γ-Glu-Tyr	Kokumi	NC(CCC(=O)NC(CCC(=O)NC(CCc1ccc(O)cc1)C(=O)O)C(=O)O)C(=O)O	https://doi.org/10.1002/fsn3.1845
γ-Glu-γ-Glu-Phe	Kokumi	NC(CCC(=O)NC(CCC(=O)NC(Cc1ccccc1)C(=O)O)C(=O)O)C(=O)O	https://doi.org/10.1016/j.tifs.2019.07.022;https://doi.org/10.1002/fsn3.1845
γ-EEG	Kokumi	NC(CCC(=O)NC(CCC(=O)O)C(=O)NCC(=O)O)C(=O)O	https://doi.org/10.7506/spkx1002-6630-201519060
γ-EE	Kokumi	NC(CCC(=O)NC(CCC(=O)O)C(=O)O)C(=O)O	https://doi.org/10.1021/jf803376d
γ-Glu-Ser-Tyr	Kokumi	NC(CCC(=O)NC(CO)C(=O)NC(Cc1ccc(O)cc1)C(=O)O)C(=O)O	https://doi.org/10.1021/acs.jafc.3c01467
γ-Glu-Ser-Gly	Kokumi	NC(CCC(=O)NC(CO)C(=O)NCC(=O)O)C(=O)O	https://doi.org/10.1074/jbc.M109.029165
γ-Glu-Ser	Kokumi	NC(CCC(=O)NC(CO)C(=O)O)C(=O)O	https://doi.org/10.1074/jbc.M109.029165
γ-ECG	Kokumi	NC(CCC(=O)NC(CS)C(=O)NCC(=O)O)C(=O)O	https://doi.org/10.1074/jbc.M109.029165;https://zgtw.cbpt.cnki.net/WKC/WebPublication/paperDigest.aspx?paperID=a781d821-0d6d-4607-9974-a7397885a4f12
γ-l-Glutamyl-l-cysteinyl-β-alanine	Kokumi	NC(CCC(=O)NC(CS)C(=O)NCCC(=O)O)C(=O)O	https://doi.org/10.1016/j.tifs.2019.07.022
γ-Glu-Cys	Kokumi	NC(CCC(=O)NC(CS)C(=O)O)C(=O)O	https://doi.org/10.1002/jsfa.10626
γ-Glu-Cys(SNO)-Gly	Kokumi	NC(CCC(=O)NC(CSNO)C(=O)NCC(=O)O)C(=O)O	https://doi.org/10.1074/jbc.M109.029165
γ-EW	Kokumi	NC(CCC(=O)NC(Cc1c[nH]c2ccccc12)C(=O)O)C(=O)O	https://doi.org/10.1016/j.tifs.2019.07.022
γ-EYG	Kokumi	NC(CCC(=O)NC(Cc1ccc(O)cc1)C(=O)NCC(=O)O)C(=O)O	https://doi.org/10.7506/spkx1002-6630-201519054
γ-EY	Kokumi	NC(CCC(=O)NC(Cc1ccc(O)cc1)C(=O)O)C(=O)O	https://doi.org/10.1002/jsfa.7058
γ-EFG	Kokumi	NC(CCC(=O)NC(Cc1ccccc1)C(=O)NCC(=O)O)C(=O)O	https://doi.org/10.7506/spkx1002-6630-201519066
γ-EF	Kokumi	NC(CCC(=O)NC(Cc1ccccc1)C(=O)O)C(=O)O	https://doi.org/10.1080/09168451.2017.1372179;https://doi.org/10.1002/fsn3.1845
γ-EH	Kokumi	NC(CCC(=O)NC(Cc1cnc[nH]1)C(=O)O)C(=O)O	https://doi.org/10.1021/jf803376d
γ-EGS	Kokumi	NC(CCC(=O)NCC(=O)NC(CO)C(=O)O)C(=O)O	https://doi.org/10.7506/spkx1002-6630-201523057 
γ-EGG	Kokumi	NC(CCC(=O)NCC(=O)NCC(=O)O)C(=O)O	https://doi.org/10.7506/spkx1002-6630-201519061
γ-EG	Kokumi	NC(CCC(=O)NCC(=O)O)C(=O)O	https://doi.org/10.1021/jf803376d
γ-glutamyl-taurine	Kokumi	NC(CCC(=O)NCCS(=O)(=O)O)C(=O)O	https://doi.org/10.1021/acs.jafc.2c03702;https://doi.org/10.1074/jbc.M109.029165
EY	Kokumi	NC(CCC(=O)O)C(=O)NC(Cc1ccc(O)cc1)C(=O)O	https://doi.org/10.3969/j.issn.1000-9973.2019.03.042
alpha-N-formyl-L-lysine	Kokumi	NC(CCCCNC=O)C(=O)O	https://patents.justia.com/patent/20140127144
serine	Kokumi	NC(CO)C(=O)O	https://doi.org/10.1021/acs.jafc.8b06047
Trp	Kokumi	NC(Cc1c[nH]c2ccccc12)C(=O)O	https://doi.org/10.3390/foods10092003
Tyr-Glu	Kokumi	NC(Cc1ccc(O)cc1)C(=O)NC(CCC(=O)O)C(=O)O	https://doi.org/10.13386/j.issn1002-0306.2020030207
Tyr	Kokumi	NC(Cc1ccc(O)cc1)C(=O)O	https://doi.org/10.3390/foods10092003
Phe-Glu	Kokumi	NC(Cc1ccccc1)C(=O)NC(CCC(=O)O)C(=O)O	https://doi.org/10.1016/j.jchromb.2018.10.025
Phe	Kokumi	NC(Cc1ccccc1)C(=O)O	https://doi.org/10.3390/foods10092003
histidine	Kokumi	NC(Cc1cnc[nH]1)C(=O)O	https://doi.org/10.1074/jbc.M109.029165
CPR	Kokumi	NC(N)=NCCCC(NC(=O)C1CCCN1C(=O)C(N)CS)C(=O)O	https://doi.org/10.1111/ijfs.13893
Gly-Pro	Kokumi	NCC(=O)N1CCCC1C(=O)O	https://zgtw.cbpt.cnki.net/WKC/WebPublication/paperDigest.aspx?paperID=a781d821-0d6d-4607-9974-a7397885a4f10
Gly-Cys	Kokumi	NCC(=O)NC(CS)C(=O)O	https://doi.org/10.1111/jfpp.15778
GHGD	Kokumi	NCC(=O)N[C@@H](Cc1c[nH]cn1)C(=O)NCC(=O)N[C@@H](CC(=O)O)C(=O)O	https://doi.org/10.1016/j.foodchem.2022.134812
Gly-His-Gly-Asp	Kokumi	NCC(=O)N[C@@H](Cc1cnc[nH]1)C(=O)NCC(=O)N[C@@H](CC(=O)O)C(=O)O	https://doi.org/10.3390/foods8020043
L-Ornithine	Kokumi	NCCCC(N)C(=O)O	https://doi.org/10.3390/nu13113749
γ-Glu-Orn	Kokumi	NCCCC(NC(=O)CCC(N)C(=O)O)C(=O)O	https://doi.org/10.1074/jbc.M109.029165
lysyl-aspartyl-glutaminyl-proline 	Kokumi	NCCCC[C@H](N)C(=O)N[C@@H](CC(=O)O)C(=O)N[C@@H](CCC(N)=O)C(=O)N1CCC[C@H]1C(=O)O	https://doi.org/10.1021/acs.jafc.9b00905
DGFP	Kokumi	N[C@@H](CC(=O)O)C(=O)NCC(=O)N[C@@H](Cc1ccccc1)C(=O)N1CCC[C@H]1C(=O)O	https://doi.org/10.1021/acs.jafc.2c01688
DFE	Kokumi	N[C@@H](CC(=O)O)C(=O)N[C@@H](Cc1ccccc1)C(=O)N[C@@H](CCC(=O)O)C(=O)O	https://doi.org/10.1016/j.foodchem.2022.134812
EGF	Kokumi	N[C@@H](CCC(=O)O)C(=O)NCC(=O)N[C@@H](Cc1ccccc1)C(=O)O	https://doi.org/10.1016/j.foodchem.2022.134812
tyrosyl-glycyl-aspartyl-glycine	Kokumi	N[C@@H](Cc1ccc(O)cc1)C(=O)NCC(=O)N[C@@H](CC(=O)O)C(=O)NCC(=O)O	https://doi.org/10.1021/acs.jafc.9b00905
PC	Kokumi	O=C(O)C(CS)NC(=O)C1CCCN1	https://doi.org/10.1111/ijfs.13893
succinic acid	Kokumi	O=C(O)CCC(=O)O	https://doi.org/10.1021/acs.jafc.8b06047
Pro-Glu-His	Kokumi	O=C(O)CCC(NC(=O)C1CCCN1)C(=O)NC(Cc1cnc[nH]1)C(=O)O	https://doi.org/10.1111/jfpp.15778
Pro-Glu	Kokumi	O=C(O)CCC(NC(=O)C1CCCN1)C(=O)O	https://zgtw.cbpt.cnki.net/WKC/WebPublication/paperDigest.aspx?paperID=a781d821-0d6d-4607-9974-a7397885a4f8
ECG	Kokumi	O=C(OC1Cc2c(O)cc(O)cc2OC1c1ccc(O)c(O)c1)c1cc(O)c(O)c(O)c1	https://doi.org/10.3969/j.issn.1000-9973.2019.03.042
pGlu-Cys	Kokumi	O=C1CCC(C(=O)NC(CS)C(=O)O)N1	https://doi.org/10.1021/acs.jafc.1c04479
N-formyl-L-phenylalanine	Kokumi	O=CNC(Cc1ccccc1)C(=O)O	https://patents.justia.com/patent/20140127144;https://patents.justia.com/patent/20140127144;https://patents.justia.com/patent/20140127144
N-formyl glycine	Kokumi	O=CNCC(=O)O	https://patents.justia.com/patent/20140127144
IMP	Kokumi	O=c1[nH]cnc2c1ncn2C1OC(COP(=O)(O)O)C(O)C1O	https://doi.org/10.1021/acs.jafc.8b06047
raffinose	Kokumi	OCC1OC(OCC2OC(OC3(CO)OC(CO)C(O)C3O)C(O)C(O)C2O)C(O)C(O)C1O	https://doi.org/10.3136/fstr.24.1111
stachyose	Kokumi	OCC1OC(OCC2OC(OCC3OC(OC4(CO)OC(CO)C(O)C4O)C(O)C(O)C3O)C(O)C(O)C2O)C(O)C(O)C1O	https://doi.org/10.3136/fstr.24.1111
DSE	Kokumi	S=C([S-])NCCNC(=S)[S-].[Na+].[Na+]	https://doi.org/10.1021/acs.jafc.1c05257
γ-EKG	Kokumi	[N]CCCCC(NC(=O)CCC(N)C(=O)O)C(=O)NCC(=O)O	https://doi.org/10.7506/spkx1002-6630-201519064
γ-Glu-Lys	Kokumi	[N]CCCCC(NC(=O)CCC(N)C(=O)O)C(=O)O	https://zgtw.cbpt.cnki.net/WKC/WebPublication/paperDigest.aspx?paperID=a781d821-0d6d-4607-9974-a7397885a4f13
γ-EDNFPP	Kokumi	[N][C@H](CCC(=O)N[C@@H](CC(=O)O)C(=O)N[C@@H](CC(N)=O)C(=O)N[C@@H](Cc1ccccc1)C(=O)N1CCC[C@H]1C(=O)N1CCC[C@H]1C(=O)O)C(=O)O	https://doi.org/10.1021/acs.jafc.2c03946
