Name	Smiles	Taste	Reference
SAEQK	C[C@H](NC(=O)[C@@H](N)CO)C(=O)N[C@@H](CCC(=O)O)C(=O)N[C@@H](CCC(N)=O)C(=O)N[C@@H](CCCCN)C(=O)O	Umami	VirtuousUmami
DG	N[C@@H](CC(=O)O)C(=O)NCC(=O)O	Umami	VirtuousUmami
LSERYP	CC(C)C[C@H](N)C(=O)N[C@@H](CO)C(=O)N[C@@H](CCC(=O)O)C(=O)N[C@@H](CCCNC(=N)N)C(=O)N[C@@H](Cc1ccc(O)cc1)C(=O)N1CCC[C@H]1C(=O)O	Umami	VirtuousUmami
EEEQ	NC(=O)CC[C@H](NC(=O)[C@H](CCC(=O)O)NC(=O)[C@H](CCC(=O)O)NC(=O)[C@@H](N)CCC(=O)O)C(=O)O	Umami	VirtuousUmami
EINEL	CC[C@H](C)[C@H](NC(=O)[C@@H](N)CCC(=O)O)C(=O)N[C@@H](CC(N)=O)C(=O)N[C@@H](CCC(=O)O)C(=O)N[C@@H](CC(C)C)C(=O)O	Umami	VirtuousUmami
SE	N[C@@H](CO)C(=O)N[C@@H](CCC(=O)O)C(=O)O	Umami	VirtuousUmami
DPQ	NC(=O)CC[C@H](NC(=O)[C@@H]1CCCN1C(=O)[C@@H](N)CC(=O)O)C(=O)O	Umami	VirtuousUmami
HCHTN	C[C@@H](O)[C@H](NC(=O)[C@H](Cc1c[nH]cn1)NC(=O)[C@H](CS)NC(=O)[C@@H](N)Cc1c[nH]cn1)C(=O)N[C@@H](CC(N)=O)C(=O)O	Umami	VirtuousUmami
PDKPNT	C[C@@H](O)[C@H](NC(=O)[C@H](CC(N)=O)NC(=O)[C@@H]1CCCN1C(=O)[C@H](CCCCN)NC(=O)[C@H](CC(=O)O)NC(=O)[C@@H]1CCCN1)C(=O)O	Umami	VirtuousUmami
LGAGGSLA	CC(C)C[C@H](NC(=O)[C@H](CO)NC(=O)CNC(=O)CNC(=O)[C@H](C)NC(=O)CNC(=O)[C@@H](N)CC(C)C)C(=O)N[C@@H](C)C(=O)O	Umami	VirtuousUmami
ALPEEV	CC(C)C[C@H](NC(=O)[C@H](C)N)C(=O)N1CCC[C@H]1C(=O)N[C@@H](CCC(=O)O)C(=O)N[C@@H](CCC(=O)O)C(=O)N[C@H](C(=O)O)C(C)C	Umami	VirtuousUmami
SPE	N[C@@H](CO)C(=O)N1CCC[C@H]1C(=O)N[C@@H](CCC(=O)O)C(=O)O	Umami	VirtuousUmami
ET	C[C@@H](O)[C@H](NC(=O)[C@@H](N)CCC(=O)O)C(=O)O	Umami	VirtuousUmami
ENE	NC(=O)C[C@H](NC(=O)[C@@H](N)CCC(=O)O)C(=O)N[C@@H](CCC(=O)O)C(=O)O	Umami	VirtuousUmami
KGNEESLA	CC(C)C[C@H](NC(=O)[C@H](CO)NC(=O)[C@H](CCC(=O)O)NC(=O)[C@H](CCC(=O)O)NC(=O)[C@H](CC(N)=O)NC(=O)CNC(=O)[C@@H](N)CCCCN)C(=O)N[C@@H](C)C(=O)O	Umami	VirtuousUmami
EG	N[C@@H](CCC(=O)O)C(=O)NCC(=O)O	Umami	VirtuousUmami
NGKET	C[C@@H](O)[C@H](NC(=O)[C@H](CCC(=O)O)NC(=O)[C@H](CCCCN)NC(=O)CNC(=O)[C@@H](N)CC(N)=O)C(=O)O	Umami	VirtuousUmami
SSRNEQSR	N=C(N)NCCC[C@H](NC(=O)[C@H](CO)NC(=O)[C@H](CCC(N)=O)NC(=O)[C@H](CCC(=O)O)NC(=O)[C@H](CC(N)=O)NC(=O)[C@H](CCCNC(=N)N)NC(=O)[C@H](CO)NC(=O)[C@@H](N)CO)C(=O)O	Umami	VirtuousUmami
EGSEAPDGSSR	C[C@H](NC(=O)[C@H](CCC(=O)O)NC(=O)[C@H](CO)NC(=O)CNC(=O)[C@@H](N)CCC(=O)O)C(=O)N1CCC[C@H]1C(=O)N[C@@H](CC(=O)O)C(=O)NCC(=O)N[C@@H](CO)C(=O)N[C@@H](CO)C(=O)N[C@@H](CCCNC(=N)N)C(=O)O	Umami	VirtuousUmami
NRTF	C[C@@H](O)[C@H](NC(=O)[C@H](CCCNC(=N)N)NC(=O)[C@@H](N)CC(N)=O)C(=O)N[C@@H](Cc1ccccc1)C(=O)O	Umami	VirtuousUmami
PE	O=C(O)CC[C@H](NC(=O)[C@@H]1CCCN1)C(=O)O	Umami	VirtuousUmami
EY	N[C@@H](CCC(=O)O)C(=O)N[C@@H](Cc1ccc(O)cc1)C(=O)O	Umami	VirtuousUmami
ADE	C[C@H](N)C(=O)N[C@@H](CC(=O)O)C(=O)N[C@@H](CCC(=O)O)C(=O)O	Umami	VirtuousUmami
EDF	N[C@@H](CCC(=O)O)C(=O)N[C@@H](CC(=O)O)C(=O)N[C@@H](Cc1ccccc1)C(=O)O	Umami	VirtuousUmami
VDR	CC(C)[C@H](N)C(=O)N[C@@H](CC(=O)O)C(=O)N[C@@H](CCCNC(=N)N)C(=O)O	Umami	VirtuousUmami
DDDD	N[C@@H](CC(=O)O)C(=O)N[C@@H](CC(=O)O)C(=O)N[C@@H](CC(=O)O)C(=O)N[C@@H](CC(=O)O)C(=O)O	Umami	VirtuousUmami
TLRRCM	CSCC[C@H](NC(=O)[C@H](CS)NC(=O)[C@H](CCCNC(=N)N)NC(=O)[C@H](CCCNC(=N)N)NC(=O)[C@H](CC(C)C)NC(=O)[C@@H](N)[C@@H](C)O)C(=O)O	Umami	VirtuousUmami
VEL	CC(C)C[C@H](NC(=O)[C@H](CCC(=O)O)NC(=O)[C@@H](N)C(C)C)C(=O)O	Umami	VirtuousUmami
STMLLESER	CSCC[C@H](NC(=O)[C@@H](NC(=O)[C@@H](N)CO)[C@@H](C)O)C(=O)N[C@@H](CC(C)C)C(=O)N[C@@H](CC(C)C)C(=O)N[C@@H](CCC(=O)O)C(=O)N[C@@H](CO)C(=O)N[C@@H](CCC(=O)O)C(=O)N[C@@H](CCCNC(=N)N)C(=O)O	Umami	VirtuousUmami
PAQ	C[C@H](NC(=O)[C@@H]1CCCN1)C(=O)N[C@@H](CCC(N)=O)C(=O)O	Umami	VirtuousUmami
GGNP	NCC(=O)NCC(=O)N[C@@H](CC(N)=O)C(=O)N1CCC[C@H]1C(=O)O	Umami	VirtuousUmami
DGG	N[C@@H](CC(=O)O)C(=O)NCC(=O)NCC(=O)O	Umami	VirtuousUmami
DEL	CC(C)C[C@H](NC(=O)[C@H](CCC(=O)O)NC(=O)[C@@H](N)CC(=O)O)C(=O)O	Umami	VirtuousUmami
RL	CC(C)C[C@H](NC(=O)[C@@H](N)CCCNC(=N)N)C(=O)O	Umami	TastePeptidesDB
NY	NC(=O)C[C@H](N)C(=O)N[C@@H](Cc1ccc(O)cc1)C(=O)O	Umami	TastePeptidesDB
EA	C[C@H](NC(=O)[C@@H](N)CCC(=O)O)C(=O)O	Umami	TastePeptidesDB
PAA	C[C@H](NC(=O)[C@H](C)NC(=O)[C@@H]1CCCN1)C(=O)O	Umami	TastePeptidesDB
GGY	NCC(=O)NCC(=O)N[C@@H](Cc1ccc(O)cc1)C(=O)O	Umami	TastePeptidesDB
VAV	CC(C)[C@H](N)C(=O)N[C@@H](C)C(=O)N[C@H](C(=O)O)C(C)C	Umami	TastePeptidesDB
LV	CC(C)C[C@H](N)C(=O)N[C@H](C(=O)O)C(C)C	Umami	TastePeptidesDB
LVG	CC(C)C[C@H](N)C(=O)N[C@H](C(=O)NCC(=O)O)C(C)C	Umami	TastePeptidesDB
EN	NC(=O)C[C@H](NC(=O)[C@@H](N)CCC(=O)O)C(=O)O	Umami	TastePeptidesDB
DA	C[C@H](NC(=O)[C@@H](N)CC(=O)O)C(=O)O	Umami	TastePeptidesDB
DR	N=C(N)NCCC[C@H](NC(=O)[C@@H](N)CC(=O)O)C(=O)O	Umami	TastePeptidesDB
CE	N[C@@H](CS)C(=O)N[C@@H](CCC(=O)O)C(=O)O	Umami	TastePeptidesDB
CM	CSCC[C@H](NC(=O)[C@@H](N)CS)C(=O)O	Umami	TastePeptidesDB
EK	NCCCC[C@H](NC(=O)[C@@H](N)CCC(=O)O)C(=O)O	Umami	TastePeptidesDB
EP	N[C@@H](CCC(=O)O)C(=O)N1CCC[C@H]1C(=O)O	Umami	TastePeptidesDB
EPE	N[C@@H](CCC(=O)O)C(=O)N1CCC[C@H]1C(=O)N[C@@H](CCC(=O)O)C(=O)O	Umami	TastePeptidesDB
QP	NC(=O)CC[C@H](N)C(=O)N1CCC[C@H]1C(=O)O	Umami	TastePeptidesDB
VG	CC(C)[C@H](N)C(=O)NCC(=O)O	Umami	TastePeptidesDB
VGG	CC(C)[C@H](N)C(=O)NCC(=O)NCC(=O)O	Umami	TastePeptidesDB
VT	CC(C)[C@H](N)C(=O)N[C@H](C(=O)O)[C@@H](C)O	Umami	TastePeptidesDB
RGENESDEQGAIVT	CC[C@H](C)[C@H](NC(=O)[C@H](C)NC(=O)CNC(=O)[C@H](CCC(N)=O)NC(=O)[C@H](CCC(=O)O)NC(=O)[C@H](CC(=O)O)NC(=O)[C@H](CO)NC(=O)[C@H](CCC(=O)O)NC(=O)[C@H](CC(N)=O)NC(=O)[C@H](CCC(=O)O)NC(=O)CNC(=O)[C@@H](N)CCCNC(=N)N)C(=O)N[C@H](C(=O)N[C@H](C(=O)O)[C@@H](C)O)C(C)C	Umami	TastePeptidesDB
SFE	N[C@@H](CO)C(=O)N[C@@H](Cc1ccccc1)C(=O)N[C@@H](CCC(=O)O)C(=O)O	Umami	TastePeptidesDB
LDL	CC(C)C[C@H](NC(=O)[C@H](CC(=O)O)NC(=O)[C@@H](N)CC(C)C)C(=O)O	Umami	TastePeptidesDB
DAG	C[C@H](NC(=O)[C@@H](N)CC(=O)O)C(=O)NCC(=O)O	Umami	TastePeptidesDB
TGC	C[C@@H](O)[C@H](N)C(=O)NCC(=O)N[C@@H](CS)C(=O)O	Umami	TastePeptidesDB
RGENESEEEGAIVT	CC[C@H](C)[C@H](NC(=O)[C@H](C)NC(=O)CNC(=O)[C@H](CCC(=O)O)NC(=O)[C@H](CCC(=O)O)NC(=O)[C@H](CCC(=O)O)NC(=O)[C@H](CO)NC(=O)[C@H](CCC(=O)O)NC(=O)[C@H](CC(N)=O)NC(=O)[C@H](CCC(=O)O)NC(=O)CNC(=O)[C@@H](N)CCCNC(=N)N)C(=O)N[C@H](C(=O)N[C@H](C(=O)O)[C@@H](C)O)C(C)C	Umami	TastePeptidesDB
TESSSE	C[C@@H](O)[C@H](N)C(=O)N[C@@H](CCC(=O)O)C(=O)N[C@@H](CO)C(=O)N[C@@H](CO)C(=O)N[C@@H](CO)C(=O)N[C@@H](CCC(=O)O)C(=O)O	Umami	TastePeptidesDB
EDG	N[C@@H](CCC(=O)O)C(=O)N[C@@H](CC(=O)O)C(=O)NCC(=O)O	Umami	TastePeptidesDB
DQR	N=C(N)NCCC[C@H](NC(=O)[C@H](CCC(N)=O)NC(=O)[C@@H](N)CC(=O)O)C(=O)O	Umami	TastePeptidesDB
NNP	NC(=O)C[C@H](NC(=O)[C@@H](N)CC(N)=O)C(=O)N1CCC[C@H]1C(=O)O	Umami	TastePeptidesDB
EGF	N[C@@H](CCC(=O)O)C(=O)NCC(=O)N[C@@H](Cc1ccccc1)C(=O)O	Umami	TastePeptidesDB
LPEEV	CC(C)C[C@H](N)C(=O)N1CCC[C@H]1C(=O)N[C@@H](CCC(=O)O)C(=O)N[C@@H](CCC(=O)O)C(=O)N[C@H](C(=O)O)C(C)C	Umami	TastePeptidesDB
AQALQAQA	CC(C)C[C@H](NC(=O)[C@H](C)NC(=O)[C@H](CCC(N)=O)NC(=O)[C@H](C)N)C(=O)N[C@@H](CCC(N)=O)C(=O)N[C@@H](C)C(=O)N[C@@H](CCC(N)=O)C(=O)N[C@@H](C)C(=O)O	Umami	TastePeptidesDB
EQQQQ	NC(=O)CC[C@H](NC(=O)[C@H](CCC(N)=O)NC(=O)[C@H](CCC(N)=O)NC(=O)[C@H](CCC(N)=O)NC(=O)[C@@H](N)CCC(=O)O)C(=O)O	Umami	TastePeptidesDB
EAGIQ	CC[C@H](C)[C@H](NC(=O)CNC(=O)[C@H](C)NC(=O)[C@@H](N)CCC(=O)O)C(=O)N[C@@H](CCC(N)=O)C(=O)O	Umami	TastePeptidesDB
ENINEL	CC[C@H](C)[C@H](NC(=O)[C@H](CC(N)=O)NC(=O)[C@@H](N)CCC(=O)O)C(=O)N[C@@H](CC(N)=O)C(=O)N[C@@H](CCC(=O)O)C(=O)N[C@@H](CC(C)C)C(=O)O	Umami	TastePeptidesDB
NVVGET	CC(C)[C@H](NC(=O)[C@@H](NC(=O)[C@@H](N)CC(N)=O)C(C)C)C(=O)NCC(=O)N[C@@H](CCC(=O)O)C(=O)N[C@H](C(=O)O)[C@@H](C)O	Umami	TastePeptidesDB
VRSY	CC(C)[C@H](N)C(=O)N[C@@H](CCCNC(=N)N)C(=O)N[C@@H](CO)C(=O)N[C@@H](Cc1ccc(O)cc1)C(=O)O	Umami	TastePeptidesDB
LYER	CC(C)C[C@H](N)C(=O)N[C@@H](Cc1ccc(O)cc1)C(=O)N[C@@H](CCC(=O)O)C(=O)N[C@@H](CCCNC(=N)N)C(=O)O	Umami	TastePeptidesDB
KGRYER	N=C(N)NCCC[C@H](NC(=O)[C@H](CCC(=O)O)NC(=O)[C@H](Cc1ccc(O)cc1)NC(=O)[C@H](CCCNC(=N)N)NC(=O)CNC(=O)[C@@H](N)CCCCN)C(=O)O	Umami	TastePeptidesDB
CCNKSV	CC(C)[C@H](NC(=O)[C@H](CO)NC(=O)[C@H](CCCCN)NC(=O)[C@H](CC(N)=O)NC(=O)[C@H](CS)NC(=O)[C@@H](N)CS)C(=O)O	Umami	TastePeptidesDB
AHSVRFY	CC(C)[C@H](NC(=O)[C@H](CO)NC(=O)[C@H](Cc1c[nH]cn1)NC(=O)[C@H](C)N)C(=O)N[C@@H](CCCNC(=N)N)C(=O)N[C@@H](Cc1ccccc1)C(=O)N[C@@H](Cc1ccc(O)cc1)C(=O)O	Umami	TastePeptidesDB
LGDVLVR	CC(C)C[C@H](NC(=O)[C@@H](NC(=O)[C@H](CC(=O)O)NC(=O)CNC(=O)[C@@H](N)CC(C)C)C(C)C)C(=O)N[C@H](C(=O)N[C@@H](CCCNC(=N)N)C(=O)O)C(C)C	Umami	TastePeptidesDB
AEASALR	CC(C)C[C@H](NC(=O)[C@H](C)NC(=O)[C@H](CO)NC(=O)[C@H](C)NC(=O)[C@H](CCC(=O)O)NC(=O)[C@H](C)N)C(=O)N[C@@H](CCCNC(=N)N)C(=O)O	Umami	TastePeptidesDB
WDDMEK	CSCC[C@H](NC(=O)[C@H](CC(=O)O)NC(=O)[C@H](CC(=O)O)NC(=O)[C@@H](N)Cc1c[nH]c2ccccc12)C(=O)N[C@@H](CCC(=O)O)C(=O)N[C@@H](CCCCN)C(=O)O	Umami	TastePeptidesDB
EEL	CC(C)C[C@H](NC(=O)[C@H](CCC(=O)O)NC(=O)[C@@H](N)CCC(=O)O)C(=O)O	Umami	TastePeptidesDB
EEK	NCCCC[C@H](NC(=O)[C@H](CCC(=O)O)NC(=O)[C@@H](N)CCC(=O)O)C(=O)O	Umami	TastePeptidesDB
EDQK	NCCCC[C@H](NC(=O)[C@H](CCC(N)=O)NC(=O)[C@H](CC(=O)O)NC(=O)[C@@H](N)CCC(=O)O)C(=O)O	Umami	TastePeptidesDB
SEGGR	N=C(N)NCCC[C@H](NC(=O)CNC(=O)CNC(=O)[C@H](CCC(=O)O)NC(=O)[C@@H](N)CO)C(=O)O	Umami	TastePeptidesDB
QDSIGS	CC[C@H](C)[C@H](NC(=O)[C@H](CO)NC(=O)[C@H](CC(=O)O)NC(=O)[C@@H](N)CCC(N)=O)C(=O)NCC(=O)N[C@@H](CO)C(=O)O	Umami	TastePeptidesDB
ESV	CC(C)[C@H](NC(=O)[C@H](CO)NC(=O)[C@@H](N)CCC(=O)O)C(=O)O	Umami	TastePeptidesDB
KGSLADEE	CC(C)C[C@H](NC(=O)[C@H](CO)NC(=O)CNC(=O)[C@@H](N)CCCCN)C(=O)N[C@@H](C)C(=O)N[C@@H](CC(=O)O)C(=O)N[C@@H](CCC(=O)O)C(=O)N[C@@H](CCC(=O)O)C(=O)O	Umami	TastePeptidesDB
GCG	NCC(=O)N[C@@H](CS)C(=O)NCC(=O)O	Umami	TastePeptidesDB
VF	CC(C)[C@H](N)C(=O)N[C@@H](Cc1ccccc1)C(=O)O	Umami	TastePeptidesDB
VPY	CC(C)[C@H](N)C(=O)N1CCC[C@H]1C(=O)N[C@@H](Cc1ccc(O)cc1)C(=O)O	Umami	TastePeptidesDB
TAY	C[C@H](NC(=O)[C@@H](N)[C@@H](C)O)C(=O)N[C@@H](Cc1ccc(O)cc1)C(=O)O	Umami	TastePeptidesDB
AAPY	C[C@H](N)C(=O)N[C@@H](C)C(=O)N1CCC[C@H]1C(=O)N[C@@H](Cc1ccc(O)cc1)C(=O)O	Umami	TastePeptidesDB
PGD	O=C(O)C[C@H](NC(=O)CNC(=O)[C@@H]1CCCN1)C(=O)O	Umami	TastePeptidesDB
AAA	C[C@H](N)C(=O)N[C@@H](C)C(=O)N[C@@H](C)C(=O)O	Umami	TastePeptidesDB
EMH	CSCC[C@H](NC(=O)[C@@H](N)CCC(=O)O)C(=O)N[C@@H](Cc1c[nH]cn1)C(=O)O	Umami	TastePeptidesDB
QPS	NC(=O)CC[C@H](N)C(=O)N1CCC[C@H]1C(=O)N[C@@H](CO)C(=O)O	Umami	TastePeptidesDB
VEH	CC(C)[C@H](N)C(=O)N[C@@H](CCC(=O)O)C(=O)N[C@@H](Cc1c[nH]cn1)C(=O)O	Umami	TastePeptidesDB
PSG	O=C(O)CNC(=O)[C@H](CO)NC(=O)[C@@H]1CCCN1	Umami	TastePeptidesDB
GGPG	NCC(=O)NCC(=O)N1CCC[C@H]1C(=O)NCC(=O)O	Umami	TastePeptidesDB
EV	CC(C)[C@H](NC(=O)[C@@H](N)CCC(=O)O)C(=O)O	Umami	TastePeptidesDB
PSE	O=C(O)CC[C@H](NC(=O)[C@H](CO)NC(=O)[C@@H]1CCCN1)C(=O)O	Umami	TastePeptidesDB
RKE	N=C(N)NCCC[C@H](N)C(=O)N[C@@H](CCCCN)C(=O)N[C@@H](CCC(=O)O)C(=O)O	Umami	TastePeptidesDB
INEL	CC[C@H](C)[C@H](N)C(=O)N[C@@H](CC(N)=O)C(=O)N[C@@H](CCC(=O)O)C(=O)N[C@@H](CC(C)C)C(=O)O	Umami	TastePeptidesDB
EQEEL	CC(C)C[C@H](NC(=O)[C@H](CCC(=O)O)NC(=O)[C@H](CCC(=O)O)NC(=O)[C@H](CCC(N)=O)NC(=O)[C@@H](N)CCC(=O)O)C(=O)O	Umami	TastePeptidesDB
QEEL	CC(C)C[C@H](NC(=O)[C@H](CCC(=O)O)NC(=O)[C@H](CCC(=O)O)NC(=O)[C@@H](N)CCC(N)=O)C(=O)O	Umami	TastePeptidesDB
VVGET	CC(C)[C@H](N)C(=O)N[C@H](C(=O)NCC(=O)N[C@@H](CCC(=O)O)C(=O)N[C@H](C(=O)O)[C@@H](C)O)C(C)C	Umami	TastePeptidesDB
LEQL	CC(C)C[C@H](NC(=O)[C@H](CCC(N)=O)NC(=O)[C@H](CCC(=O)O)NC(=O)[C@@H](N)CC(C)C)C(=O)O	Umami	TastePeptidesDB
GRVSNCAA	CC(C)[C@H](NC(=O)[C@H](CCCNC(=N)N)NC(=O)CN)C(=O)N[C@@H](CO)C(=O)N[C@@H](CC(N)=O)C(=O)N[C@@H](CS)C(=O)N[C@@H](C)C(=O)N[C@@H](C)C(=O)O	Umami	TastePeptidesDB
SEEK	NCCCC[C@H](NC(=O)[C@H](CCC(=O)O)NC(=O)[C@H](CCC(=O)O)NC(=O)[C@@H](N)CO)C(=O)O	Umami	TastePeptidesDB
KEMQKN	CSCC[C@H](NC(=O)[C@H](CCC(=O)O)NC(=O)[C@@H](N)CCCCN)C(=O)N[C@@H](CCC(N)=O)C(=O)N[C@@H](CCCCN)C(=O)N[C@@H](CC(N)=O)C(=O)O	Umami	TastePeptidesDB
KSAEN	C[C@H](NC(=O)[C@H](CO)NC(=O)[C@@H](N)CCCCN)C(=O)N[C@@H](CCC(=O)O)C(=O)N[C@@H](CC(N)=O)C(=O)O	Umami	TastePeptidesDB
QIEELEGK	CC[C@H](C)[C@H](NC(=O)[C@@H](N)CCC(N)=O)C(=O)N[C@@H](CCC(=O)O)C(=O)N[C@@H](CCC(=O)O)C(=O)N[C@@H](CC(C)C)C(=O)N[C@@H](CCC(=O)O)C(=O)NCC(=O)N[C@@H](CCCCN)C(=O)O	Umami	TastePeptidesDB
TDVEQEGD	CC(C)[C@H](NC(=O)[C@H](CC(=O)O)NC(=O)[C@@H](N)[C@@H](C)O)C(=O)N[C@@H](CCC(=O)O)C(=O)N[C@@H](CCC(N)=O)C(=O)N[C@@H](CCC(=O)O)C(=O)NCC(=O)N[C@@H](CC(=O)O)C(=O)O	Umami	TastePeptidesDB
HNESQN	NC(=O)CC[C@H](NC(=O)[C@H](CO)NC(=O)[C@H](CCC(=O)O)NC(=O)[C@H](CC(N)=O)NC(=O)[C@@H](N)Cc1c[nH]cn1)C(=O)N[C@@H](CC(N)=O)C(=O)O	Umami	TastePeptidesDB
RGEPNND	N=C(N)NCCC[C@H](N)C(=O)NCC(=O)N[C@@H](CCC(=O)O)C(=O)N1CCC[C@H]1C(=O)N[C@@H](CC(N)=O)C(=O)N[C@@H](CC(N)=O)C(=O)N[C@@H](CC(=O)O)C(=O)O	Umami	TastePeptidesDB
TGDPEK	C[C@@H](O)[C@H](N)C(=O)NCC(=O)N[C@@H](CC(=O)O)C(=O)N1CCC[C@H]1C(=O)N[C@@H](CCC(=O)O)C(=O)N[C@@H](CCCCN)C(=O)O	Umami	TastePeptidesDB
KGGGGP	NCCCC[C@H](N)C(=O)NCC(=O)NCC(=O)NCC(=O)NCC(=O)N1CCC[C@H]1C(=O)O	Umami	TastePeptidesDB
TYLPVH	CC(C)C[C@H](NC(=O)[C@H](Cc1ccc(O)cc1)NC(=O)[C@@H](N)[C@@H](C)O)C(=O)N1CCC[C@H]1C(=O)N[C@H](C(=O)N[C@@H](Cc1c[nH]cn1)C(=O)O)C(C)C	Umami	TastePeptidesDB
PAATIPE	CC[C@H](C)[C@H](NC(=O)[C@@H](NC(=O)[C@H](C)NC(=O)[C@H](C)NC(=O)[C@@H]1CCCN1)[C@@H](C)O)C(=O)N1CCC[C@H]1C(=O)N[C@@H](CCC(=O)O)C(=O)O	Umami	TastePeptidesDB
GPAGPAGPR	C[C@H](NC(=O)[C@@H]1CCCN1C(=O)CN)C(=O)NCC(=O)N1CCC[C@H]1C(=O)N[C@@H](C)C(=O)NCC(=O)N1CCC[C@H]1C(=O)N[C@@H](CCCNC(=N)N)C(=O)O	Umami	TastePeptidesDB
AGAGPTP	C[C@H](N)C(=O)NCC(=O)N[C@@H](C)C(=O)NCC(=O)N1CCC[C@H]1C(=O)N[C@H](C(=O)N1CCC[C@H]1C(=O)O)[C@@H](C)O	Umami	TastePeptidesDB
GD	NCC(=O)N[C@@H](CC(=O)O)C(=O)O	Umami	TastePeptidesDB
AD	C[C@H](N)C(=O)N[C@@H](CC(=O)O)C(=O)O	Umami	TastePeptidesDB
VD	CC(C)[C@H](N)C(=O)N[C@@H](CC(=O)O)C(=O)O	Umami	TastePeptidesDB
GE	NCC(=O)N[C@@H](CCC(=O)O)C(=O)O	Umami	TastePeptidesDB
AE	C[C@H](N)C(=O)N[C@@H](CCC(=O)O)C(=O)O	Umami	TastePeptidesDB
VE	CC(C)[C@H](N)C(=O)N[C@@H](CCC(=O)O)C(=O)O	Umami	TastePeptidesDB
LE	CC(C)C[C@H](N)C(=O)N[C@@H](CCC(=O)O)C(=O)O	Umami	TastePeptidesDB
EL	CC(C)C[C@H](NC(=O)[C@@H](N)CCC(=O)O)C(=O)O	Umami	TastePeptidesDB
AFDEK	C[C@H](N)C(=O)N[C@@H](Cc1ccccc1)C(=O)N[C@@H](CC(=O)O)C(=O)N[C@@H](CCC(=O)O)C(=O)N[C@@H](CCCCN)C(=O)O	Umami	TastePeptidesDB
CALTP	CC(C)C[C@H](NC(=O)[C@H](C)NC(=O)[C@@H](N)CS)C(=O)N[C@H](C(=O)N1CCC[C@H]1C(=O)O)[C@@H](C)O	Umami	TastePeptidesDB
RPLGNC	CC(C)C[C@H](NC(=O)[C@@H]1CCCN1C(=O)[C@@H](N)CCCNC(=N)N)C(=O)NCC(=O)N[C@@H](CC(N)=O)C(=O)N[C@@H](CS)C(=O)O	Umami	TastePeptidesDB
INKPGL	CC[C@H](C)[C@H](N)C(=O)N[C@@H](CC(N)=O)C(=O)N[C@@H](CCCCN)C(=O)N1CCC[C@H]1C(=O)NCC(=O)N[C@@H](CC(C)C)C(=O)O	Umami	TastePeptidesDB
SDSCIR	CC[C@H](C)[C@H](NC(=O)[C@H](CS)NC(=O)[C@H](CO)NC(=O)[C@H](CC(=O)O)NC(=O)[C@@H](N)CO)C(=O)N[C@@H](CCCNC(=N)N)C(=O)O	Umami	TastePeptidesDB
GPDPER	N=C(N)NCCC[C@H](NC(=O)[C@H](CCC(=O)O)NC(=O)[C@@H]1CCCN1C(=O)[C@H](CC(=O)O)NC(=O)[C@@H]1CCCN1C(=O)CN)C(=O)O	Umami	TastePeptidesDB
ADGLWL	CC(C)C[C@H](NC(=O)[C@H](Cc1c[nH]c2ccccc12)NC(=O)[C@H](CC(C)C)NC(=O)CNC(=O)[C@H](CC(=O)O)NC(=O)[C@H](C)N)C(=O)O	Umami	TastePeptidesDB
AGDDAPR	C[C@H](N)C(=O)NCC(=O)N[C@@H](CC(=O)O)C(=O)N[C@@H](CC(=O)O)C(=O)N[C@@H](C)C(=O)N1CCC[C@H]1C(=O)N[C@@H](CCCNC(=N)N)C(=O)O	Umami	TastePeptidesDB
GFLGPQ	CC(C)C[C@H](NC(=O)[C@H](Cc1ccccc1)NC(=O)CN)C(=O)NCC(=O)N1CCC[C@H]1C(=O)N[C@@H](CCC(N)=O)C(=O)O	Umami	TastePeptidesDB
HGEDKEGE	NCCCC[C@H](NC(=O)[C@H](CC(=O)O)NC(=O)[C@H](CCC(=O)O)NC(=O)CNC(=O)[C@@H](N)Cc1c[nH]cn1)C(=O)N[C@@H](CCC(=O)O)C(=O)NCC(=O)N[C@@H](CCC(=O)O)C(=O)O	Umami	TastePeptidesDB
IGPGLGR	CC[C@H](C)[C@H](N)C(=O)NCC(=O)N1CCC[C@H]1C(=O)NCC(=O)N[C@@H](CC(C)C)C(=O)NCC(=O)N[C@@H](CCCNC(=N)N)C(=O)O	Umami	TastePeptidesDB
IPIPATKT	CC[C@H](C)[C@H](N)C(=O)N1CCC[C@H]1C(=O)N[C@H](C(=O)N1CCC[C@H]1C(=O)N[C@@H](C)C(=O)N[C@H](C(=O)N[C@@H](CCCCN)C(=O)N[C@H](C(=O)O)[C@@H](C)O)[C@@H](C)O)[C@@H](C)CC	Umami	TastePeptidesDB
KDGGGGK	NCCCC[C@H](NC(=O)CNC(=O)CNC(=O)CNC(=O)CNC(=O)[C@H](CC(=O)O)NC(=O)[C@@H](N)CCCCN)C(=O)O	Umami	TastePeptidesDB
PGPAGPAGP	C[C@H](NC(=O)[C@@H]1CCCN1C(=O)CNC(=O)[C@H](C)NC(=O)[C@@H]1CCCN1C(=O)CNC(=O)[C@@H]1CCCN1)C(=O)NCC(=O)N1CCC[C@H]1C(=O)O	Umami	TastePeptidesDB
SEASNNK	C[C@H](NC(=O)[C@H](CCC(=O)O)NC(=O)[C@@H](N)CO)C(=O)N[C@@H](CO)C(=O)N[C@@H](CC(N)=O)C(=O)N[C@@H](CC(N)=O)C(=O)N[C@@H](CCCCN)C(=O)O	Umami	TastePeptidesDB
VADLMR	CSCC[C@H](NC(=O)[C@H](CC(C)C)NC(=O)[C@H](CC(=O)O)NC(=O)[C@H](C)NC(=O)[C@@H](N)C(C)C)C(=O)N[C@@H](CCCNC(=N)N)C(=O)O	Umami	TastePeptidesDB
STELFK	CC(C)C[C@H](NC(=O)[C@H](CCC(=O)O)NC(=O)[C@@H](NC(=O)[C@@H](N)CO)[C@@H](C)O)C(=O)N[C@@H](Cc1ccccc1)C(=O)N[C@@H](CCCCN)C(=O)O	Umami	TastePeptidesDB
DALKKK	CC(C)C[C@H](NC(=O)[C@H](C)NC(=O)[C@@H](N)CC(=O)O)C(=O)N[C@@H](CCCCN)C(=O)N[C@@H](CCCCN)C(=O)N[C@@H](CCCCN)C(=O)O	Umami	TastePeptidesDB
FVGLQER	CC(C)C[C@H](NC(=O)CNC(=O)[C@@H](NC(=O)[C@@H](N)Cc1ccccc1)C(C)C)C(=O)N[C@@H](CCC(N)=O)C(=O)N[C@@H](CCC(=O)O)C(=O)N[C@@H](CCCNC(=N)N)C(=O)O	Umami	TastePeptidesDB
VVLNPVARVE	CC(C)C[C@H](NC(=O)[C@@H](NC(=O)[C@@H](N)C(C)C)C(C)C)C(=O)N[C@@H](CC(N)=O)C(=O)N1CCC[C@H]1C(=O)N[C@H](C(=O)N[C@@H](C)C(=O)N[C@@H](CCCNC(=N)N)C(=O)N[C@H](C(=O)N[C@@H](CCC(=O)O)C(=O)O)C(C)C)C(C)C	Umami	TastePeptidesDB
ASNMSDL	CSCC[C@H](NC(=O)[C@H](CC(N)=O)NC(=O)[C@H](CO)NC(=O)[C@H](C)N)C(=O)N[C@@H](CO)C(=O)N[C@@H](CC(=O)O)C(=O)N[C@@H](CC(C)C)C(=O)O	Umami	TastePeptidesDB
LQPLNAH	CC(C)C[C@H](NC(=O)[C@@H]1CCCN1C(=O)[C@H](CCC(N)=O)NC(=O)[C@@H](N)CC(C)C)C(=O)N[C@@H](CC(N)=O)C(=O)N[C@@H](C)C(=O)N[C@@H](Cc1c[nH]cn1)C(=O)O	Umami	TastePeptidesDB
MTNLLEDLSFR	CSCC[C@H](N)C(=O)N[C@H](C(=O)N[C@@H](CC(N)=O)C(=O)N[C@@H](CC(C)C)C(=O)N[C@@H](CC(C)C)C(=O)N[C@@H](CCC(=O)O)C(=O)N[C@@H](CC(=O)O)C(=O)N[C@@H](CC(C)C)C(=O)N[C@@H](CO)C(=O)N[C@@H](Cc1ccccc1)C(=O)N[C@@H](CCCNC(=N)N)C(=O)O)[C@@H](C)O	Umami	TastePeptidesDB
GFGDSCTPGKNER	C[C@@H](O)[C@H](NC(=O)[C@H](CS)NC(=O)[C@H](CO)NC(=O)[C@H](CC(=O)O)NC(=O)CNC(=O)[C@H](Cc1ccccc1)NC(=O)CN)C(=O)N1CCC[C@H]1C(=O)NCC(=O)N[C@@H](CCCCN)C(=O)N[C@@H](CC(N)=O)C(=O)N[C@@H](CCC(=O)O)C(=O)N[C@@H](CCCNC(=N)N)C(=O)O	Umami	TastePeptidesDB
YADSNIQINGTDR	CC[C@H](C)[C@H](NC(=O)[C@H](CCC(N)=O)NC(=O)[C@@H](NC(=O)[C@H](CC(N)=O)NC(=O)[C@H](CO)NC(=O)[C@H](CC(=O)O)NC(=O)[C@H](C)NC(=O)[C@@H](N)Cc1ccc(O)cc1)[C@@H](C)CC)C(=O)N[C@@H](CC(N)=O)C(=O)NCC(=O)N[C@H](C(=O)N[C@@H](CC(=O)O)C(=O)N[C@@H](CCCNC(=N)N)C(=O)O)[C@@H](C)O	Umami	TastePeptidesDB
AREIALQELGEQAK	CC[C@H](C)[C@H](NC(=O)[C@H](CCC(=O)O)NC(=O)[C@H](CCCNC(=N)N)NC(=O)[C@H](C)N)C(=O)N[C@@H](C)C(=O)N[C@@H](CC(C)C)C(=O)N[C@@H](CCC(N)=O)C(=O)N[C@@H](CCC(=O)O)C(=O)N[C@@H](CC(C)C)C(=O)NCC(=O)N[C@@H](CCC(=O)O)C(=O)N[C@@H](CCC(N)=O)C(=O)N[C@@H](C)C(=O)N[C@@H](CCCCN)C(=O)O	Umami	TastePeptidesDB
IQQDDCK	CC[C@H](C)[C@H](N)C(=O)N[C@@H](CCC(N)=O)C(=O)N[C@@H](CCC(N)=O)C(=O)N[C@@H](CC(=O)O)C(=O)N[C@@H](CC(=O)O)C(=O)N[C@@H](CS)C(=O)N[C@@H](CCCCN)C(=O)O	Umami	TastePeptidesDB
QAEADMAR	CSCC[C@H](NC(=O)[C@H](CC(=O)O)NC(=O)[C@H](C)NC(=O)[C@H](CCC(=O)O)NC(=O)[C@H](C)NC(=O)[C@@H](N)CCC(N)=O)C(=O)N[C@@H](C)C(=O)N[C@@H](CCCNC(=N)N)C(=O)O	Umami	TastePeptidesDB
MAASGDVGK	CSCC[C@H](N)C(=O)N[C@@H](C)C(=O)N[C@@H](C)C(=O)N[C@@H](CO)C(=O)NCC(=O)N[C@@H](CC(=O)O)C(=O)N[C@H](C(=O)NCC(=O)N[C@@H](CCCCN)C(=O)O)C(C)C	Umami	TastePeptidesDB
VYETPDR	CC(C)[C@H](N)C(=O)N[C@@H](Cc1ccc(O)cc1)C(=O)N[C@@H](CCC(=O)O)C(=O)N[C@H](C(=O)N1CCC[C@H]1C(=O)N[C@@H](CC(=O)O)C(=O)N[C@@H](CCCNC(=N)N)C(=O)O)[C@@H](C)O	Umami	TastePeptidesDB
DAPYDYK	C[C@H](NC(=O)[C@@H](N)CC(=O)O)C(=O)N1CCC[C@H]1C(=O)N[C@@H](Cc1ccc(O)cc1)C(=O)N[C@@H](CC(=O)O)C(=O)N[C@@H](Cc1ccc(O)cc1)C(=O)N[C@@H](CCCCN)C(=O)O	Umami	TastePeptidesDB
TREQMIHER	CC[C@H](C)[C@H](NC(=O)[C@H](CCSC)NC(=O)[C@H](CCC(N)=O)NC(=O)[C@H](CCC(=O)O)NC(=O)[C@H](CCCNC(=N)N)NC(=O)[C@@H](N)[C@@H](C)O)C(=O)N[C@@H](Cc1c[nH]cn1)C(=O)N[C@@H](CCC(=O)O)C(=O)N[C@@H](CCCNC(=N)N)C(=O)O	Umami	TastePeptidesDB
LLDAFFFDNK	CC(C)C[C@H](NC(=O)[C@@H](N)CC(C)C)C(=O)N[C@@H](CC(=O)O)C(=O)N[C@@H](C)C(=O)N[C@@H](Cc1ccccc1)C(=O)N[C@@H](Cc1ccccc1)C(=O)N[C@@H](Cc1ccccc1)C(=O)N[C@@H](CC(=O)O)C(=O)N[C@@H](CC(N)=O)C(=O)N[C@@H](CCCCN)C(=O)O	Umami	TastePeptidesDB
EATLWDMEEK	CSCC[C@H](NC(=O)[C@H](CC(=O)O)NC(=O)[C@H](Cc1c[nH]c2ccccc12)NC(=O)[C@H](CC(C)C)NC(=O)[C@@H](NC(=O)[C@H](C)NC(=O)[C@@H](N)CCC(=O)O)[C@@H](C)O)C(=O)N[C@@H](CCC(=O)O)C(=O)N[C@@H](CCC(=O)O)C(=O)N[C@@H](CCCCN)C(=O)O	Umami	TastePeptidesDB
LPLLEEAFLSR	CC(C)C[C@H](NC(=O)[C@H](Cc1ccccc1)NC(=O)[C@H](C)NC(=O)[C@H](CCC(=O)O)NC(=O)[C@H](CCC(=O)O)NC(=O)[C@H](CC(C)C)NC(=O)[C@H](CC(C)C)NC(=O)[C@@H]1CCCN1C(=O)[C@@H](N)CC(C)C)C(=O)N[C@@H](CO)C(=O)N[C@@H](CCCNC(=N)N)C(=O)O	Umami	TastePeptidesDB
NALKSVECYDAR	CC(C)C[C@H](NC(=O)[C@H](C)NC(=O)[C@@H](N)CC(N)=O)C(=O)N[C@@H](CCCCN)C(=O)N[C@@H](CO)C(=O)N[C@H](C(=O)N[C@@H](CCC(=O)O)C(=O)N[C@@H](CS)C(=O)N[C@@H](Cc1ccc(O)cc1)C(=O)N[C@@H](CC(=O)O)C(=O)N[C@@H](C)C(=O)N[C@@H](CCCNC(=N)N)C(=O)O)C(C)C	Umami	TastePeptidesDB
AKLTSLEEECQR	CC(C)C[C@H](NC(=O)[C@H](CO)NC(=O)[C@@H](NC(=O)[C@H](CC(C)C)NC(=O)[C@H](CCCCN)NC(=O)[C@H](C)N)[C@@H](C)O)C(=O)N[C@@H](CCC(=O)O)C(=O)N[C@@H](CCC(=O)O)C(=O)N[C@@H](CCC(=O)O)C(=O)N[C@@H](CS)C(=O)N[C@@H](CCC(N)=O)C(=O)N[C@@H](CCCNC(=N)N)C(=O)O	Umami	TastePeptidesDB
YLASCLSSVKEEK	CC(C)C[C@H](NC(=O)[C@H](CS)NC(=O)[C@H](CO)NC(=O)[C@H](C)NC(=O)[C@H](CC(C)C)NC(=O)[C@@H](N)Cc1ccc(O)cc1)C(=O)N[C@@H](CO)C(=O)N[C@@H](CO)C(=O)N[C@H](C(=O)N[C@@H](CCCCN)C(=O)N[C@@H](CCC(=O)O)C(=O)N[C@@H](CCC(=O)O)C(=O)N[C@@H](CCCCN)C(=O)O)C(C)C	Umami	TastePeptidesDB
EQLEATVQKLDESR	CC(C)C[C@H](NC(=O)[C@H](CCCCN)NC(=O)[C@H](CCC(N)=O)NC(=O)[C@@H](NC(=O)[C@@H](NC(=O)[C@H](C)NC(=O)[C@H](CCC(=O)O)NC(=O)[C@H](CC(C)C)NC(=O)[C@H](CCC(N)=O)NC(=O)[C@@H](N)CCC(=O)O)[C@@H](C)O)C(C)C)C(=O)N[C@@H](CC(=O)O)C(=O)N[C@@H](CCC(=O)O)C(=O)N[C@@H](CO)C(=O)N[C@@H](CCCNC(=N)N)C(=O)O	Umami	TastePeptidesDB
MEREQEESTMR	CSCC[C@H](NC(=O)[C@@H](NC(=O)[C@H](CO)NC(=O)[C@H](CCC(=O)O)NC(=O)[C@H](CCC(=O)O)NC(=O)[C@H](CCC(N)=O)NC(=O)[C@H](CCC(=O)O)NC(=O)[C@H](CCCNC(=N)N)NC(=O)[C@H](CCC(=O)O)NC(=O)[C@@H](N)CCSC)[C@@H](C)O)C(=O)N[C@@H](CCCNC(=N)N)C(=O)O	Umami	TastePeptidesDB
EGSTIGLSK	CC[C@H](C)[C@H](NC(=O)[C@@H](NC(=O)[C@H](CO)NC(=O)CNC(=O)[C@@H](N)CCC(=O)O)[C@@H](C)O)C(=O)NCC(=O)N[C@@H](CC(C)C)C(=O)N[C@@H](CO)C(=O)N[C@@H](CCCCN)C(=O)O	Umami	TastePeptidesDB
IMEALAGAGIDPRR	CC[C@H](C)[C@H](N)C(=O)N[C@@H](CCSC)C(=O)N[C@@H](CCC(=O)O)C(=O)N[C@@H](C)C(=O)N[C@@H](CC(C)C)C(=O)N[C@@H](C)C(=O)NCC(=O)N[C@@H](C)C(=O)NCC(=O)N[C@H](C(=O)N[C@@H](CC(=O)O)C(=O)N1CCC[C@H]1C(=O)N[C@@H](CCCNC(=N)N)C(=O)N[C@@H](CCCNC(=N)N)C(=O)O)[C@@H](C)CC	Umami	TastePeptidesDB
NQEGLFR	CC(C)C[C@H](NC(=O)CNC(=O)[C@H](CCC(=O)O)NC(=O)[C@H](CCC(N)=O)NC(=O)[C@@H](N)CC(N)=O)C(=O)N[C@@H](Cc1ccccc1)C(=O)N[C@@H](CCCNC(=N)N)C(=O)O	Umami	TastePeptidesDB
PVARMCR	CSCC[C@H](NC(=O)[C@H](CCCNC(=N)N)NC(=O)[C@H](C)NC(=O)[C@@H](NC(=O)[C@@H]1CCCN1)C(C)C)C(=O)N[C@@H](CS)C(=O)N[C@@H](CCCNC(=N)N)C(=O)O	Umami	TastePeptidesDB
YGGTPPFV	CC(C)[C@H](NC(=O)[C@H](Cc1ccccc1)NC(=O)[C@@H]1CCCN1C(=O)[C@@H]1CCCN1C(=O)[C@@H](NC(=O)CNC(=O)CNC(=O)[C@@H](N)Cc1ccc(O)cc1)[C@@H](C)O)C(=O)O	Umami	TastePeptidesDB
IKDPHVD	CC[C@H](C)[C@H](N)C(=O)N[C@@H](CCCCN)C(=O)N[C@@H](CC(=O)O)C(=O)N1CCC[C@H]1C(=O)N[C@@H](Cc1c[nH]cn1)C(=O)N[C@H](C(=O)N[C@@H](CC(=O)O)C(=O)O)C(C)C	Umami	TastePeptidesDB
TPPKID	CC[C@H](C)[C@H](NC(=O)[C@H](CCCCN)NC(=O)[C@@H]1CCCN1C(=O)[C@@H]1CCCN1C(=O)[C@@H](N)[C@@H](C)O)C(=O)N[C@@H](CC(=O)O)C(=O)O	Umami	TastePeptidesDB
GLLPDGTPR	CC(C)C[C@H](NC(=O)CN)C(=O)N[C@@H](CC(C)C)C(=O)N1CCC[C@H]1C(=O)N[C@@H](CC(=O)O)C(=O)NCC(=O)N[C@H](C(=O)N1CCC[C@H]1C(=O)N[C@@H](CCCNC(=N)N)C(=O)O)[C@@H](C)O	Umami	TastePeptidesDB
RPNPFENR	N=C(N)NCCC[C@H](NC(=O)[C@H](CC(N)=O)NC(=O)[C@H](CCC(=O)O)NC(=O)[C@H](Cc1ccccc1)NC(=O)[C@@H]1CCCN1C(=O)[C@H](CC(N)=O)NC(=O)[C@@H]1CCCN1C(=O)[C@@H](N)CCCNC(=N)N)C(=O)O	Umami	TastePeptidesDB
ANPGPVRDLR	CC(C)C[C@H](NC(=O)[C@H](CC(=O)O)NC(=O)[C@H](CCCNC(=N)N)NC(=O)[C@@H](NC(=O)[C@@H]1CCCN1C(=O)CNC(=O)[C@@H]1CCCN1C(=O)[C@H](CC(N)=O)NC(=O)[C@H](C)N)C(C)C)C(=O)N[C@@H](CCCNC(=N)N)C(=O)O	Umami	TastePeptidesDB
QVAIAHRDAK	CC[C@H](C)[C@H](NC(=O)[C@H](C)NC(=O)[C@@H](NC(=O)[C@@H](N)CCC(N)=O)C(C)C)C(=O)N[C@@H](C)C(=O)N[C@@H](Cc1c[nH]cn1)C(=O)N[C@@H](CCCNC(=N)N)C(=O)N[C@@H](CC(=O)O)C(=O)N[C@@H](C)C(=O)N[C@@H](CCCCN)C(=O)O	Umami	TastePeptidesDB
VLPTDQNFILR	CC[C@H](C)[C@H](NC(=O)[C@H](Cc1ccccc1)NC(=O)[C@H](CC(N)=O)NC(=O)[C@H](CCC(N)=O)NC(=O)[C@H](CC(=O)O)NC(=O)[C@@H](NC(=O)[C@@H]1CCCN1C(=O)[C@H](CC(C)C)NC(=O)[C@@H](N)C(C)C)[C@@H](C)O)C(=O)N[C@@H](CC(C)C)C(=O)N[C@@H](CCCNC(=N)N)C(=O)O	Umami	TastePeptidesDB
VTADESQQDVLK	CC(C)C[C@H](NC(=O)[C@@H](NC(=O)[C@H](CC(=O)O)NC(=O)[C@H](CCC(N)=O)NC(=O)[C@H](CCC(N)=O)NC(=O)[C@H](CO)NC(=O)[C@H](CCC(=O)O)NC(=O)[C@H](CC(=O)O)NC(=O)[C@H](C)NC(=O)[C@@H](NC(=O)[C@@H](N)C(C)C)[C@@H](C)O)C(C)C)C(=O)N[C@@H](CCCCN)C(=O)O	Umami	TastePeptidesDB
HLQLAIR	CC[C@H](C)[C@H](NC(=O)[C@H](C)NC(=O)[C@H](CC(C)C)NC(=O)[C@H](CCC(N)=O)NC(=O)[C@H](CC(C)C)NC(=O)[C@@H](N)Cc1c[nH]cn1)C(=O)N[C@@H](CCCNC(=N)N)C(=O)O	Umami	TastePeptidesDB
LLLPGELAK	CC(C)C[C@H](NC(=O)[C@H](CCC(=O)O)NC(=O)CNC(=O)[C@@H]1CCCN1C(=O)[C@H](CC(C)C)NC(=O)[C@H](CC(C)C)NC(=O)[C@@H](N)CC(C)C)C(=O)N[C@@H](C)C(=O)N[C@@H](CCCCN)C(=O)O	Umami	TastePeptidesDB
AGFAGDDAPR	C[C@H](N)C(=O)NCC(=O)N[C@@H](Cc1ccccc1)C(=O)N[C@@H](C)C(=O)NCC(=O)N[C@@H](CC(=O)O)C(=O)N[C@@H](CC(=O)O)C(=O)N[C@@H](C)C(=O)N1CCC[C@H]1C(=O)N[C@@H](CCCNC(=N)N)C(=O)O	Umami	TastePeptidesDB
GYSFTTTAER	C[C@H](NC(=O)[C@@H](NC(=O)[C@@H](NC(=O)[C@@H](NC(=O)[C@H](Cc1ccccc1)NC(=O)[C@H](CO)NC(=O)[C@H](Cc1ccc(O)cc1)NC(=O)CN)[C@@H](C)O)[C@@H](C)O)[C@@H](C)O)C(=O)N[C@@H](CCC(=O)O)C(=O)N[C@@H](CCCNC(=N)N)C(=O)O	Umami	TastePeptidesDB
DAGVIAGLNVLR	CC[C@H](C)[C@H](NC(=O)[C@@H](NC(=O)CNC(=O)[C@H](C)NC(=O)[C@@H](N)CC(=O)O)C(C)C)C(=O)N[C@@H](C)C(=O)NCC(=O)N[C@@H](CC(C)C)C(=O)N[C@@H](CC(N)=O)C(=O)N[C@H](C(=O)N[C@@H](CC(C)C)C(=O)N[C@@H](CCCNC(=N)N)C(=O)O)C(C)C	Umami	TastePeptidesDB
GLE	CC(C)C[C@H](NC(=O)CN)C(=O)N[C@@H](CCC(=O)O)C(=O)O	Umami	TastePeptidesDB
VEAL	CC(C)C[C@H](NC(=O)[C@H](C)NC(=O)[C@H](CCC(=O)O)NC(=O)[C@@H](N)C(C)C)C(=O)O	Umami	TastePeptidesDB
DAE	C[C@H](NC(=O)[C@@H](N)CC(=O)O)C(=O)N[C@@H](CCC(=O)O)C(=O)O	Umami	TastePeptidesDB
GGGE	NCC(=O)NCC(=O)NCC(=O)N[C@@H](CCC(=O)O)C(=O)O	Umami	TastePeptidesDB
GENEEEDSGAIVTVK	CC[C@H](C)[C@H](NC(=O)[C@H](C)NC(=O)CNC(=O)[C@H](CO)NC(=O)[C@H](CC(=O)O)NC(=O)[C@H](CCC(=O)O)NC(=O)[C@H](CCC(=O)O)NC(=O)[C@H](CCC(=O)O)NC(=O)[C@H](CC(N)=O)NC(=O)[C@H](CCC(=O)O)NC(=O)CN)C(=O)N[C@H](C(=O)N[C@H](C(=O)N[C@H](C(=O)N[C@@H](CCCCN)C(=O)O)C(C)C)[C@@H](C)O)C(C)C	Umami	TastePeptidesDB
FSGLDGAK	CC(C)C[C@H](NC(=O)CNC(=O)[C@H](CO)NC(=O)[C@@H](N)Cc1ccccc1)C(=O)N[C@@H](CC(=O)O)C(=O)NCC(=O)N[C@@H](C)C(=O)N[C@@H](CCCCN)C(=O)O	Umami	TastePeptidesDB
PDVQAAFQK	CC(C)[C@H](NC(=O)[C@H](CC(=O)O)NC(=O)[C@@H]1CCCN1)C(=O)N[C@@H](CCC(N)=O)C(=O)N[C@@H](C)C(=O)N[C@@H](C)C(=O)N[C@@H](Cc1ccccc1)C(=O)N[C@@H](CCC(N)=O)C(=O)N[C@@H](CCCCN)C(=O)O	Umami	TastePeptidesDB
FSGLDGSK	CC(C)C[C@H](NC(=O)CNC(=O)[C@H](CO)NC(=O)[C@@H](N)Cc1ccccc1)C(=O)N[C@@H](CC(=O)O)C(=O)NCC(=O)N[C@@H](CO)C(=O)N[C@@H](CCCCN)C(=O)O	Umami	TastePeptidesDB
AEDLSTLR	CC(C)C[C@H](NC(=O)[C@H](CC(=O)O)NC(=O)[C@H](CCC(=O)O)NC(=O)[C@H](C)N)C(=O)N[C@@H](CO)C(=O)N[C@H](C(=O)N[C@@H](CC(C)C)C(=O)N[C@@H](CCCNC(=N)N)C(=O)O)[C@@H](C)O	Umami	TastePeptidesDB
EVAEALDAPKTT	CC(C)C[C@H](NC(=O)[C@H](C)NC(=O)[C@H](CCC(=O)O)NC(=O)[C@H](C)NC(=O)[C@@H](NC(=O)[C@@H](N)CCC(=O)O)C(C)C)C(=O)N[C@@H](CC(=O)O)C(=O)N[C@@H](C)C(=O)N1CCC[C@H]1C(=O)N[C@@H](CCCCN)C(=O)N[C@H](C(=O)N[C@H](C(=O)O)[C@@H](C)O)[C@@H](C)O	Umami	TastePeptidesDB
KVDVDSLK	CC(C)C[C@H](NC(=O)[C@H](CO)NC(=O)[C@H](CC(=O)O)NC(=O)[C@@H](NC(=O)[C@H](CC(=O)O)NC(=O)[C@@H](NC(=O)[C@@H](N)CCCCN)C(C)C)C(C)C)C(=O)N[C@@H](CCCCN)C(=O)O	Umami	TastePeptidesDB
AVLEEAQKVELK	CC(C)C[C@H](NC(=O)[C@H](CCC(=O)O)NC(=O)[C@@H](NC(=O)[C@H](CCCCN)NC(=O)[C@H](CCC(N)=O)NC(=O)[C@H](C)NC(=O)[C@H](CCC(=O)O)NC(=O)[C@H](CCC(=O)O)NC(=O)[C@H](CC(C)C)NC(=O)[C@@H](NC(=O)[C@H](C)N)C(C)C)C(C)C)C(=O)N[C@@H](CCCCN)C(=O)O	Umami	TastePeptidesDB
EGTAG	C[C@H](NC(=O)[C@@H](NC(=O)CNC(=O)[C@@H](N)CCC(=O)O)[C@@H](C)O)C(=O)NCC(=O)O	Umami	TastePeptidesDB
DGF	N[C@@H](CC(=O)O)C(=O)NCC(=O)N[C@@H](Cc1ccccc1)C(=O)O	Umami	TastePeptidesDB
HHYE	N[C@@H](Cc1c[nH]cn1)C(=O)N[C@@H](Cc1c[nH]cn1)C(=O)N[C@@H](Cc1ccc(O)cc1)C(=O)N[C@@H](CCC(=O)O)C(=O)O	Umami	TastePeptidesDB
KCGQ	NCCCC[C@H](N)C(=O)N[C@@H](CS)C(=O)NCC(=O)N[C@@H](CCC(N)=O)C(=O)O	Umami	TastePeptidesDB
LREY	CC(C)C[C@H](N)C(=O)N[C@@H](CCCNC(=N)N)C(=O)N[C@@H](CCC(=O)O)C(=O)N[C@@H](Cc1ccc(O)cc1)C(=O)O	Umami	TastePeptidesDB
HEAL	CC(C)C[C@H](NC(=O)[C@H](C)NC(=O)[C@H](CCC(=O)O)NC(=O)[C@@H](N)Cc1c[nH]cn1)C(=O)O	Umami	TastePeptidesDB
LAKVH	CC(C)C[C@H](N)C(=O)N[C@@H](C)C(=O)N[C@@H](CCCCN)C(=O)N[C@H](C(=O)N[C@@H](Cc1c[nH]cn1)C(=O)O)C(C)C	Umami	TastePeptidesDB
FQKVVA	CC(C)[C@H](NC(=O)[C@H](CCCCN)NC(=O)[C@H](CCC(N)=O)NC(=O)[C@@H](N)Cc1ccccc1)C(=O)N[C@H](C(=O)N[C@@H](C)C(=O)O)C(C)C	Umami	TastePeptidesDB
HVKELE	CC(C)C[C@H](NC(=O)[C@H](CCC(=O)O)NC(=O)[C@H](CCCCN)NC(=O)[C@@H](NC(=O)[C@@H](N)Cc1c[nH]cn1)C(C)C)C(=O)N[C@@H](CCC(=O)O)C(=O)O	Umami	TastePeptidesDB
AEVKKAP	CC(C)[C@H](NC(=O)[C@H](CCC(=O)O)NC(=O)[C@H](C)N)C(=O)N[C@@H](CCCCN)C(=O)N[C@@H](CCCCN)C(=O)N[C@@H](C)C(=O)N1CCC[C@H]1C(=O)O	Umami	TastePeptidesDB
KALSEEL	CC(C)C[C@H](NC(=O)[C@H](CCC(=O)O)NC(=O)[C@H](CCC(=O)O)NC(=O)[C@H](CO)NC(=O)[C@H](CC(C)C)NC(=O)[C@H](C)NC(=O)[C@@H](N)CCCCN)C(=O)O	Umami	TastePeptidesDB
EAVEKPQS	CC(C)[C@H](NC(=O)[C@H](C)NC(=O)[C@@H](N)CCC(=O)O)C(=O)N[C@@H](CCC(=O)O)C(=O)N[C@@H](CCCCN)C(=O)N1CCC[C@H]1C(=O)N[C@@H](CCC(N)=O)C(=O)N[C@@H](CO)C(=O)O	Umami	TastePeptidesDB
KKMFETES	CSCC[C@H](NC(=O)[C@H](CCCCN)NC(=O)[C@@H](N)CCCCN)C(=O)N[C@@H](Cc1ccccc1)C(=O)N[C@@H](CCC(=O)O)C(=O)N[C@H](C(=O)N[C@@H](CCC(=O)O)C(=O)N[C@@H](CO)C(=O)O)[C@@H](C)O	Umami	TastePeptidesDB
AFGRSIVN	CC[C@H](C)[C@H](NC(=O)[C@H](CO)NC(=O)[C@H](CCCNC(=N)N)NC(=O)CNC(=O)[C@H](Cc1ccccc1)NC(=O)[C@H](C)N)C(=O)N[C@H](C(=O)N[C@@H](CC(N)=O)C(=O)O)C(C)C	Umami	TastePeptidesDB
LLLLPKP	CC(C)C[C@H](NC(=O)[C@H](CC(C)C)NC(=O)[C@@H](N)CC(C)C)C(=O)N[C@@H](CC(C)C)C(=O)N1CCC[C@H]1C(=O)N[C@@H](CCCCN)C(=O)N1CCC[C@H]1C(=O)O	Umami	TastePeptidesDB
SSAVK	CC(C)[C@H](NC(=O)[C@H](C)NC(=O)[C@H](CO)NC(=O)[C@@H](N)CO)C(=O)N[C@@H](CCCCN)C(=O)O	Umami	TastePeptidesDB
IIVFGRQLL	CC[C@H](C)[C@H](N)C(=O)N[C@H](C(=O)N[C@H](C(=O)N[C@@H](Cc1ccccc1)C(=O)NCC(=O)N[C@@H](CCCNC(=N)N)C(=O)N[C@@H](CCC(N)=O)C(=O)N[C@@H](CC(C)C)C(=O)N[C@@H](CC(C)C)C(=O)O)C(C)C)[C@@H](C)CC	Umami	TastePeptidesDB
PKLLLLPKP	CC(C)C[C@H](NC(=O)[C@H](CCCCN)NC(=O)[C@@H]1CCCN1)C(=O)N[C@@H](CC(C)C)C(=O)N[C@@H](CC(C)C)C(=O)N[C@@H](CC(C)C)C(=O)N1CCC[C@H]1C(=O)N[C@@H](CCCCN)C(=O)N1CCC[C@H]1C(=O)O	Umami	TastePeptidesDB
LVKGGLIP	CC[C@H](C)[C@H](NC(=O)[C@H](CC(C)C)NC(=O)CNC(=O)CNC(=O)[C@H](CCCCN)NC(=O)[C@@H](NC(=O)[C@@H](N)CC(C)C)C(C)C)C(=O)N1CCC[C@H]1C(=O)O	Umami	TastePeptidesDB
PPQEAAQF	C[C@H](NC(=O)[C@H](C)NC(=O)[C@H](CCC(=O)O)NC(=O)[C@H](CCC(N)=O)NC(=O)[C@@H]1CCCN1C(=O)[C@@H]1CCCN1)C(=O)N[C@@H](CCC(N)=O)C(=O)N[C@@H](Cc1ccccc1)C(=O)O	Umami	TastePeptidesDB
NEFGYSNR	N=C(N)NCCC[C@H](NC(=O)[C@H](CC(N)=O)NC(=O)[C@H](CO)NC(=O)[C@H](Cc1ccc(O)cc1)NC(=O)CNC(=O)[C@H](Cc1ccccc1)NC(=O)[C@H](CCC(=O)O)NC(=O)[C@@H](N)CC(N)=O)C(=O)O	Umami	TastePeptidesDB
LPLQD	CC(C)C[C@H](NC(=O)[C@@H]1CCCN1C(=O)[C@@H](N)CC(C)C)C(=O)N[C@@H](CCC(N)=O)C(=O)N[C@@H](CC(=O)O)C(=O)O	Umami	TastePeptidesDB
DGGRYY	N=C(N)NCCC[C@H](NC(=O)CNC(=O)CNC(=O)[C@@H](N)CC(=O)O)C(=O)N[C@@H](Cc1ccc(O)cc1)C(=O)N[C@@H](Cc1ccc(O)cc1)C(=O)O	Umami	TastePeptidesDB
GPVGYGYE	CC(C)[C@H](NC(=O)[C@@H]1CCCN1C(=O)CN)C(=O)NCC(=O)N[C@@H](Cc1ccc(O)cc1)C(=O)NCC(=O)N[C@@H](Cc1ccc(O)cc1)C(=O)N[C@@H](CCC(=O)O)C(=O)O	Umami	TastePeptidesDB
AGPSIVH	CC[C@H](C)[C@H](NC(=O)[C@H](CO)NC(=O)[C@@H]1CCCN1C(=O)CNC(=O)[C@H](C)N)C(=O)N[C@H](C(=O)N[C@@H](Cc1c[nH]cn1)C(=O)O)C(C)C	Umami	TastePeptidesDB
DFE	N[C@@H](CC(=O)O)C(=O)N[C@@H](Cc1ccccc1)C(=O)N[C@@H](CCC(=O)O)C(=O)O	Umami	TastePeptidesDB
LAGE	CC(C)C[C@H](N)C(=O)N[C@@H](C)C(=O)NCC(=O)N[C@@H](CCC(=O)O)C(=O)O	Umami	TastePeptidesDB
QLQ	CC(C)C[C@H](NC(=O)[C@@H](N)CCC(N)=O)C(=O)N[C@@H](CCC(N)=O)C(=O)O	Umami	TastePeptidesDB
ATQ	C[C@H](N)C(=O)N[C@H](C(=O)N[C@@H](CCC(N)=O)C(=O)O)[C@@H](C)O	Umami	TastePeptidesDB
ECH	N[C@@H](CCC(=O)O)C(=O)N[C@@H](CS)C(=O)N[C@@H](Cc1c[nH]cn1)C(=O)O	Umami	TastePeptidesDB
RGG	N=C(N)NCCC[C@H](N)C(=O)NCC(=O)NCC(=O)O	Umami	TastePeptidesDB
NQS	NC(=O)CC[C@H](NC(=O)[C@@H](N)CC(N)=O)C(=O)N[C@@H](CO)C(=O)O	Umami	TastePeptidesDB
NKHGSGK	NCCCC[C@H](NC(=O)CNC(=O)[C@H](CO)NC(=O)CNC(=O)[C@H](Cc1c[nH]cn1)NC(=O)[C@H](CCCCN)NC(=O)[C@@H](N)CC(N)=O)C(=O)O	Umami	TastePeptidesDB
SADETPR	C[C@H](NC(=O)[C@@H](N)CO)C(=O)N[C@@H](CC(=O)O)C(=O)N[C@@H](CCC(=O)O)C(=O)N[C@H](C(=O)N1CCC[C@H]1C(=O)N[C@@H](CCCNC(=N)N)C(=O)O)[C@@H](C)O	Umami	TastePeptidesDB
SDRKIPEK	CC[C@H](C)[C@H](NC(=O)[C@H](CCCCN)NC(=O)[C@H](CCCNC(=N)N)NC(=O)[C@H](CC(=O)O)NC(=O)[C@@H](N)CO)C(=O)N1CCC[C@H]1C(=O)N[C@@H](CCC(=O)O)C(=O)N[C@@H](CCCCN)C(=O)O	Umami	TastePeptidesDB
EIKKAALDANEK	CC[C@H](C)[C@H](NC(=O)[C@@H](N)CCC(=O)O)C(=O)N[C@@H](CCCCN)C(=O)N[C@@H](CCCCN)C(=O)N[C@@H](C)C(=O)N[C@@H](C)C(=O)N[C@@H](CC(C)C)C(=O)N[C@@H](CC(=O)O)C(=O)N[C@@H](C)C(=O)N[C@@H](CC(N)=O)C(=O)N[C@@H](CCC(=O)O)C(=O)N[C@@H](CCCCN)C(=O)O	Umami	TastePeptidesDB
LDDGR	CC(C)C[C@H](N)C(=O)N[C@@H](CC(=O)O)C(=O)N[C@@H](CC(=O)O)C(=O)NCC(=O)N[C@@H](CCCNC(=N)N)C(=O)O	Umami	TastePeptidesDB
GHENQR	N=C(N)NCCC[C@H](NC(=O)[C@H](CCC(N)=O)NC(=O)[C@H](CC(N)=O)NC(=O)[C@H](CCC(=O)O)NC(=O)[C@H](Cc1c[nH]cn1)NC(=O)CN)C(=O)O	Umami	TastePeptidesDB
EDEGEQPRPF	N=C(N)NCCC[C@H](NC(=O)[C@@H]1CCCN1C(=O)[C@H](CCC(N)=O)NC(=O)[C@H](CCC(=O)O)NC(=O)CNC(=O)[C@H](CCC(=O)O)NC(=O)[C@H](CC(=O)O)NC(=O)[C@@H](N)CCC(=O)O)C(=O)N1CCC[C@H]1C(=O)N[C@@H](Cc1ccccc1)C(=O)O	Umami	TastePeptidesDB
VGPDDDEKSW	CC(C)[C@H](N)C(=O)NCC(=O)N1CCC[C@H]1C(=O)N[C@@H](CC(=O)O)C(=O)N[C@@H](CC(=O)O)C(=O)N[C@@H](CC(=O)O)C(=O)N[C@@H](CCC(=O)O)C(=O)N[C@@H](CCCCN)C(=O)N[C@@H](CO)C(=O)N[C@@H](Cc1c[nH]c2ccccc12)C(=O)O	Umami	TastePeptidesDB
DEDEQPRPIP	CC[C@H](C)[C@H](NC(=O)[C@@H]1CCCN1C(=O)[C@H](CCCNC(=N)N)NC(=O)[C@@H]1CCCN1C(=O)[C@H](CCC(N)=O)NC(=O)[C@H](CCC(=O)O)NC(=O)[C@H](CC(=O)O)NC(=O)[C@H](CCC(=O)O)NC(=O)[C@@H](N)CC(=O)O)C(=O)N1CCC[C@H]1C(=O)O	Umami	TastePeptidesDB
DEGEQPRPFP	N=C(N)NCCC[C@H](NC(=O)[C@@H]1CCCN1C(=O)[C@H](CCC(N)=O)NC(=O)[C@H](CCC(=O)O)NC(=O)CNC(=O)[C@H](CCC(=O)O)NC(=O)[C@@H](N)CC(=O)O)C(=O)N1CCC[C@H]1C(=O)N[C@@H](Cc1ccccc1)C(=O)N1CCC[C@H]1C(=O)O	Umami	TastePeptidesDB
LERM	CSCC[C@H](NC(=O)[C@H](CCCNC(=N)N)NC(=O)[C@H](CCC(=O)O)NC(=O)[C@@H](N)CC(C)C)C(=O)O	Umami	TastePeptidesDB
FGEKL	CC(C)C[C@H](NC(=O)[C@H](CCCCN)NC(=O)[C@H](CCC(=O)O)NC(=O)CNC(=O)[C@@H](N)Cc1ccccc1)C(=O)O	Umami	TastePeptidesDB
ELLKLH	CC(C)C[C@H](NC(=O)[C@H](CCCCN)NC(=O)[C@H](CC(C)C)NC(=O)[C@H](CC(C)C)NC(=O)[C@@H](N)CCC(=O)O)C(=O)N[C@@H](Cc1c[nH]cn1)C(=O)O	Umami	TastePeptidesDB
LLEEKLK	CC(C)C[C@H](NC(=O)[C@H](CCCCN)NC(=O)[C@H](CCC(=O)O)NC(=O)[C@H](CCC(=O)O)NC(=O)[C@H](CC(C)C)NC(=O)[C@@H](N)CC(C)C)C(=O)N[C@@H](CCCCN)C(=O)O	Umami	TastePeptidesDB
AQKDEEKME	CSCC[C@H](NC(=O)[C@H](CCCCN)NC(=O)[C@H](CCC(=O)O)NC(=O)[C@H](CCC(=O)O)NC(=O)[C@H](CC(=O)O)NC(=O)[C@H](CCCCN)NC(=O)[C@H](CCC(N)=O)NC(=O)[C@H](C)N)C(=O)N[C@@H](CCC(=O)O)C(=O)O	Umami	TastePeptidesDB
DCG	N[C@@H](CC(=O)O)C(=O)N[C@@H](CS)C(=O)NCC(=O)O	Umami	TastePeptidesDB
DE	N[C@@H](CC(=O)O)C(=O)N[C@@H](CCC(=O)O)C(=O)O	Umami	TastePeptidesDB
DDE	N[C@@H](CC(=O)O)C(=O)N[C@@H](CC(=O)O)C(=O)N[C@@H](CCC(=O)O)C(=O)O	Umami	TastePeptidesDB
DED	N[C@@H](CC(=O)O)C(=O)N[C@@H](CCC(=O)O)C(=O)N[C@@H](CC(=O)O)C(=O)O	Umami	TastePeptidesDB
EDD	N[C@@H](CCC(=O)O)C(=O)N[C@@H](CC(=O)O)C(=O)N[C@@H](CC(=O)O)C(=O)O	Umami	TastePeptidesDB
DEE	N[C@@H](CC(=O)O)C(=O)N[C@@H](CCC(=O)O)C(=O)N[C@@H](CCC(=O)O)C(=O)O	Umami	TastePeptidesDB
EDE	N[C@@H](CCC(=O)O)C(=O)N[C@@H](CC(=O)O)C(=O)N[C@@H](CCC(=O)O)C(=O)O	Umami	TastePeptidesDB
EED	N[C@@H](CCC(=O)O)C(=O)N[C@@H](CCC(=O)O)C(=O)N[C@@H](CC(=O)O)C(=O)O	Umami	TastePeptidesDB
EEE	N[C@@H](CCC(=O)O)C(=O)N[C@@H](CCC(=O)O)C(=O)N[C@@H](CCC(=O)O)C(=O)O	Umami	TastePeptidesDB
KGDEESLA	CC(C)C[C@H](NC(=O)[C@H](CO)NC(=O)[C@H](CCC(=O)O)NC(=O)[C@H](CCC(=O)O)NC(=O)[C@H](CC(=O)O)NC(=O)CNC(=O)[C@@H](N)CCCCN)C(=O)N[C@@H](C)C(=O)O	Umami	TastePeptidesDB
KG	NCCCC[C@H](N)C(=O)NCC(=O)O	Umami	TastePeptidesDB
SLADEEKG	CC(C)C[C@H](NC(=O)[C@@H](N)CO)C(=O)N[C@@H](C)C(=O)N[C@@H](CC(=O)O)C(=O)N[C@@H](CCC(=O)O)C(=O)N[C@@H](CCC(=O)O)C(=O)N[C@@H](CCCCN)C(=O)NCC(=O)O	Umami	TastePeptidesDB
SLAKGDEE	CC(C)C[C@H](NC(=O)[C@@H](N)CO)C(=O)N[C@@H](C)C(=O)N[C@@H](CCCCN)C(=O)NCC(=O)N[C@@H](CC(=O)O)C(=O)N[C@@H](CCC(=O)O)C(=O)N[C@@H](CCC(=O)O)C(=O)O	Umami	TastePeptidesDB
KGELADEE	CC(C)C[C@H](NC(=O)[C@H](CCC(=O)O)NC(=O)CNC(=O)[C@@H](N)CCCCN)C(=O)N[C@@H](C)C(=O)N[C@@H](CC(=O)O)C(=O)N[C@@H](CCC(=O)O)C(=O)N[C@@H](CCC(=O)O)C(=O)O	Umami	TastePeptidesDB
EEDGK	NCCCC[C@H](NC(=O)CNC(=O)[C@H](CC(=O)O)NC(=O)[C@H](CCC(=O)O)NC(=O)[C@@H](N)CCC(=O)O)C(=O)O	Umami	TastePeptidesDB
SD	N[C@@H](CO)C(=O)N[C@@H](CC(=O)O)C(=O)O	Umami	TastePeptidesDB
ESE	N[C@@H](CCC(=O)O)C(=O)N[C@@H](CO)C(=O)N[C@@H](CCC(=O)O)C(=O)O	Umami	TastePeptidesDB
DES	N[C@@H](CC(=O)O)C(=O)N[C@@H](CCC(=O)O)C(=O)N[C@@H](CO)C(=O)O	Umami	TastePeptidesDB
TE	C[C@@H](O)[C@H](N)C(=O)N[C@@H](CCC(=O)O)C(=O)O	Umami	TastePeptidesDB
EGS	N[C@@H](CCC(=O)O)C(=O)NCC(=O)N[C@@H](CO)C(=O)O	Umami	TastePeptidesDB
ES	N[C@@H](CCC(=O)O)C(=O)N[C@@H](CO)C(=O)O	Umami	TastePeptidesDB
EDV	CC(C)[C@H](NC(=O)[C@H](CC(=O)O)NC(=O)[C@@H](N)CCC(=O)O)C(=O)O	Umami	TastePeptidesDB
EE	N[C@@H](CCC(=O)O)C(=O)N[C@@H](CCC(=O)O)C(=O)O	Umami	TastePeptidesDB
SEE	N[C@@H](CO)C(=O)N[C@@H](CCC(=O)O)C(=O)N[C@@H](CCC(=O)O)C(=O)O	Umami	TastePeptidesDB
DL	CC(C)C[C@H](NC(=O)[C@@H](N)CC(=O)O)C(=O)O	Umami	TastePeptidesDB
ID	CC[C@H](C)[C@H](N)C(=O)N[C@@H](CC(=O)O)C(=O)O	Umami	TastePeptidesDB
EQE	NC(=O)CC[C@H](NC(=O)[C@@H](N)CCC(=O)O)C(=O)N[C@@H](CCC(=O)O)C(=O)O	Umami	TastePeptidesDB
IEE	CC[C@H](C)[C@H](N)C(=O)N[C@@H](CCC(=O)O)C(=O)N[C@@H](CCC(=O)O)C(=O)O	Umami	TastePeptidesDB
IE	CC[C@H](C)[C@H](N)C(=O)N[C@@H](CCC(=O)O)C(=O)O	Umami	TastePeptidesDB
DFKREP	N=C(N)NCCC[C@H](NC(=O)[C@H](CCCCN)NC(=O)[C@H](Cc1ccccc1)NC(=O)[C@@H](N)CC(=O)O)C(=O)N[C@@H](CCC(=O)O)C(=O)N1CCC[C@H]1C(=O)O	Umami	TastePeptidesDB
VV	CC(C)[C@H](N)C(=O)N[C@H](C(=O)O)C(C)C	Umami	TastePeptidesDB
APA	C[C@H](N)C(=O)N1CCC[C@H]1C(=O)N[C@@H](C)C(=O)O	Umami	TastePeptidesDB
QL	CC(C)C[C@H](NC(=O)[C@@H](N)CCC(N)=O)C(=O)O	Umami	TastePeptidesDB
PET	C[C@@H](O)[C@H](NC(=O)[C@H](CCC(=O)O)NC(=O)[C@@H]1CCCN1)C(=O)O	Umami	TastePeptidesDB
HV	CC(C)[C@H](NC(=O)[C@@H](N)Cc1c[nH]cn1)C(=O)O	Umami	TastePeptidesDB
NWDDMEK	CSCC[C@H](NC(=O)[C@H](CC(=O)O)NC(=O)[C@H](CC(=O)O)NC(=O)[C@H](Cc1c[nH]c2ccccc12)NC(=O)[C@@H](N)CC(N)=O)C(=O)N[C@@H](CCC(=O)O)C(=O)N[C@@H](CCCCN)C(=O)O	Umami	TastePeptidesDB
KTGLSPDQF	CC(C)C[C@H](NC(=O)CNC(=O)[C@@H](NC(=O)[C@@H](N)CCCCN)[C@@H](C)O)C(=O)N[C@@H](CO)C(=O)N1CCC[C@H]1C(=O)N[C@@H](CC(=O)O)C(=O)N[C@@H](CCC(N)=O)C(=O)N[C@@H](Cc1ccccc1)C(=O)O	Umami	TastePeptidesDB
KTDLNFENL	CC(C)C[C@H](NC(=O)[C@H](CC(N)=O)NC(=O)[C@H](CCC(=O)O)NC(=O)[C@H](Cc1ccccc1)NC(=O)[C@H](CC(N)=O)NC(=O)[C@H](CC(C)C)NC(=O)[C@H](CC(=O)O)NC(=O)[C@@H](NC(=O)[C@@H](N)CCCCN)[C@@H](C)O)C(=O)O	Umami	TastePeptidesDB
ASLDGEFKG	CC(C)C[C@H](NC(=O)[C@H](CO)NC(=O)[C@H](C)N)C(=O)N[C@@H](CC(=O)O)C(=O)NCC(=O)N[C@@H](CCC(=O)O)C(=O)N[C@@H](Cc1ccccc1)C(=O)N[C@@H](CCCCN)C(=O)NCC(=O)O	Umami	TastePeptidesDB
ALASLDGEFKG	CC(C)C[C@H](NC(=O)[C@H](C)N)C(=O)N[C@@H](C)C(=O)N[C@@H](CO)C(=O)N[C@@H](CC(C)C)C(=O)N[C@@H](CC(=O)O)C(=O)NCC(=O)N[C@@H](CCC(=O)O)C(=O)N[C@@H](Cc1ccccc1)C(=O)N[C@@H](CCCCN)C(=O)NCC(=O)O	Umami	TastePeptidesDB
ALTSLDGEFKG	CC(C)C[C@H](NC(=O)[C@H](C)N)C(=O)N[C@H](C(=O)N[C@@H](CO)C(=O)N[C@@H](CC(C)C)C(=O)N[C@@H](CC(=O)O)C(=O)NCC(=O)N[C@@H](CCC(=O)O)C(=O)N[C@@H](Cc1ccccc1)C(=O)N[C@@H](CCCCN)C(=O)NCC(=O)O)[C@@H](C)O	Umami	TastePeptidesDB
RLGSSEVEQVQ	CC(C)C[C@H](NC(=O)[C@@H](N)CCCNC(=N)N)C(=O)NCC(=O)N[C@@H](CO)C(=O)N[C@@H](CO)C(=O)N[C@@H](CCC(=O)O)C(=O)N[C@H](C(=O)N[C@@H](CCC(=O)O)C(=O)N[C@@H](CCC(N)=O)C(=O)N[C@H](C(=O)N[C@@H](CCC(N)=O)C(=O)O)C(C)C)C(C)C	Umami	TastePeptidesDB
DVILPVPAF	CC[C@H](C)[C@H](NC(=O)[C@@H](NC(=O)[C@@H](N)CC(=O)O)C(C)C)C(=O)N[C@@H](CC(C)C)C(=O)N1CCC[C@H]1C(=O)N[C@H](C(=O)N1CCC[C@H]1C(=O)N[C@@H](C)C(=O)N[C@@H](Cc1ccccc1)C(=O)O)C(C)C	Umami	TastePeptidesDB
TVAGGAWTYNTTSAVTVK	CC(C)[C@H](NC(=O)[C@H](C)NC(=O)[C@H](CO)NC(=O)[C@@H](NC(=O)[C@@H](NC(=O)[C@H](CC(N)=O)NC(=O)[C@H](Cc1ccc(O)cc1)NC(=O)[C@@H](NC(=O)[C@H](Cc1c[nH]c2ccccc12)NC(=O)[C@H](C)NC(=O)CNC(=O)CNC(=O)[C@H](C)NC(=O)[C@@H](NC(=O)[C@@H](N)[C@@H](C)O)C(C)C)[C@@H](C)O)[C@@H](C)O)[C@@H](C)O)C(=O)N[C@H](C(=O)N[C@H](C(=O)N[C@@H](CCCCN)C(=O)O)C(C)C)[C@@H](C)O	Umami	TastePeptidesDB
AMLEQVAMTDK	CSCC[C@H](NC(=O)[C@H](C)N)C(=O)N[C@@H](CC(C)C)C(=O)N[C@@H](CCC(=O)O)C(=O)N[C@@H](CCC(N)=O)C(=O)N[C@H](C(=O)N[C@@H](C)C(=O)N[C@@H](CCSC)C(=O)N[C@H](C(=O)N[C@@H](CC(=O)O)C(=O)N[C@@H](CCCCN)C(=O)O)[C@@H](C)O)C(C)C	Umami	TastePeptidesDB
GGKLVVDGHAIT	CC[C@H](C)[C@H](NC(=O)[C@H](C)NC(=O)[C@H](Cc1c[nH]cn1)NC(=O)CNC(=O)[C@H](CC(=O)O)NC(=O)[C@@H](NC(=O)[C@@H](NC(=O)[C@H](CC(C)C)NC(=O)[C@H](CCCCN)NC(=O)CNC(=O)CN)C(C)C)C(C)C)C(=O)N[C@H](C(=O)O)[C@@H](C)O	Umami	TastePeptidesDB
IGAEVYHNLK	CC[C@H](C)[C@H](N)C(=O)NCC(=O)N[C@@H](C)C(=O)N[C@@H](CCC(=O)O)C(=O)N[C@H](C(=O)N[C@@H](Cc1ccc(O)cc1)C(=O)N[C@@H](Cc1c[nH]cn1)C(=O)N[C@@H](CC(N)=O)C(=O)N[C@@H](CC(C)C)C(=O)N[C@@H](CCCCN)C(=O)O)C(C)C	Umami	TastePeptidesDB
VDFDDLHR	CC(C)C[C@H](NC(=O)[C@H](CC(=O)O)NC(=O)[C@H](CC(=O)O)NC(=O)[C@H](Cc1ccccc1)NC(=O)[C@H](CC(=O)O)NC(=O)[C@@H](N)C(C)C)C(=O)N[C@@H](Cc1c[nH]cn1)C(=O)N[C@@H](CCCNC(=N)N)C(=O)O	Umami	TastePeptidesDB
KEPNRQWTPR	C[C@@H](O)[C@H](NC(=O)[C@H](Cc1c[nH]c2ccccc12)NC(=O)[C@H](CCC(N)=O)NC(=O)[C@H](CCCNC(=N)N)NC(=O)[C@H](CC(N)=O)NC(=O)[C@@H]1CCCN1C(=O)[C@H](CCC(=O)O)NC(=O)[C@@H](N)CCCCN)C(=O)N1CCC[C@H]1C(=O)N[C@@H](CCCNC(=N)N)C(=O)O	Umami	TastePeptidesDB
PFGNTHNNFK	C[C@@H](O)[C@H](NC(=O)[C@H](CC(N)=O)NC(=O)CNC(=O)[C@H](Cc1ccccc1)NC(=O)[C@@H]1CCCN1)C(=O)N[C@@H](Cc1c[nH]cn1)C(=O)N[C@@H](CC(N)=O)C(=O)N[C@@H](CC(N)=O)C(=O)N[C@@H](Cc1ccccc1)C(=O)N[C@@H](CCCCN)C(=O)O	Umami	TastePeptidesDB
YDSTHGRFKGEVK	CC(C)[C@H](NC(=O)[C@H](CCC(=O)O)NC(=O)CNC(=O)[C@H](CCCCN)NC(=O)[C@H](Cc1ccccc1)NC(=O)[C@H](CCCNC(=N)N)NC(=O)CNC(=O)[C@H](Cc1c[nH]cn1)NC(=O)[C@@H](NC(=O)[C@H](CO)NC(=O)[C@H](CC(=O)O)NC(=O)[C@@H](N)Cc1ccc(O)cc1)[C@@H](C)O)C(=O)N[C@@H](CCCCN)C(=O)O	Umami	TastePeptidesDB
TGESGAGKTVNTKR	CC(C)[C@H](NC(=O)[C@@H](NC(=O)[C@H](CCCCN)NC(=O)CNC(=O)[C@H](C)NC(=O)CNC(=O)[C@H](CO)NC(=O)[C@H](CCC(=O)O)NC(=O)CNC(=O)[C@@H](N)[C@@H](C)O)[C@@H](C)O)C(=O)N[C@@H](CC(N)=O)C(=O)N[C@H](C(=O)N[C@@H](CCCCN)C(=O)N[C@@H](CCCNC(=N)N)C(=O)O)[C@@H](C)O	Umami	TastePeptidesDB
AGKNTNGSQF	C[C@H](N)C(=O)NCC(=O)N[C@@H](CCCCN)C(=O)N[C@@H](CC(N)=O)C(=O)N[C@H](C(=O)N[C@@H](CC(N)=O)C(=O)NCC(=O)N[C@@H](CO)C(=O)N[C@@H](CCC(N)=O)C(=O)N[C@@H](Cc1ccccc1)C(=O)O)[C@@H](C)O	Umami	TastePeptidesDB
DEAVARGATF	CC(C)[C@H](NC(=O)[C@H](C)NC(=O)[C@H](CCC(=O)O)NC(=O)[C@@H](N)CC(=O)O)C(=O)N[C@@H](C)C(=O)N[C@@H](CCCNC(=N)N)C(=O)NCC(=O)N[C@@H](C)C(=O)N[C@H](C(=O)N[C@@H](Cc1ccccc1)C(=O)O)[C@@H](C)O	Umami	TastePeptidesDB
REESDFQSSF	N=C(N)NCCC[C@H](N)C(=O)N[C@@H](CCC(=O)O)C(=O)N[C@@H](CCC(=O)O)C(=O)N[C@@H](CO)C(=O)N[C@@H](CC(=O)O)C(=O)N[C@@H](Cc1ccccc1)C(=O)N[C@@H](CCC(N)=O)C(=O)N[C@@H](CO)C(=O)N[C@@H](CO)C(=O)N[C@@H](Cc1ccccc1)C(=O)O	Umami	TastePeptidesDB
SEETTTGVHH	CC(C)[C@H](NC(=O)CNC(=O)[C@@H](NC(=O)[C@@H](NC(=O)[C@@H](NC(=O)[C@H](CCC(=O)O)NC(=O)[C@H](CCC(=O)O)NC(=O)[C@@H](N)CO)[C@@H](C)O)[C@@H](C)O)[C@@H](C)O)C(=O)N[C@@H](Cc1c[nH]cn1)C(=O)N[C@@H](Cc1c[nH]cn1)C(=O)O	Umami	TastePeptidesDB
WNNDAFQSSTN	C[C@H](NC(=O)[C@H](CC(=O)O)NC(=O)[C@H](CC(N)=O)NC(=O)[C@H](CC(N)=O)NC(=O)[C@@H](N)Cc1c[nH]c2ccccc12)C(=O)N[C@@H](Cc1ccccc1)C(=O)N[C@@H](CCC(N)=O)C(=O)N[C@@H](CO)C(=O)N[C@@H](CO)C(=O)N[C@H](C(=O)N[C@@H](CC(N)=O)C(=O)O)[C@@H](C)O	Umami	TastePeptidesDB
FAGDDAPR	C[C@H](NC(=O)[C@@H](N)Cc1ccccc1)C(=O)NCC(=O)N[C@@H](CC(=O)O)C(=O)N[C@@H](CC(=O)O)C(=O)N[C@@H](C)C(=O)N1CCC[C@H]1C(=O)N[C@@H](CCCNC(=N)N)C(=O)O	Umami	TastePeptidesDB
HEGEQGQEG	NC(=O)CC[C@H](NC(=O)CNC(=O)[C@H](CCC(N)=O)NC(=O)[C@H](CCC(=O)O)NC(=O)CNC(=O)[C@H](CCC(=O)O)NC(=O)[C@@H](N)Cc1c[nH]cn1)C(=O)N[C@@H](CCC(=O)O)C(=O)NCC(=O)O	Umami	TastePeptidesDB
AAPHENATLH	CC(C)C[C@H](NC(=O)[C@@H](NC(=O)[C@H](C)NC(=O)[C@H](CC(N)=O)NC(=O)[C@H](CCC(=O)O)NC(=O)[C@H](Cc1c[nH]cn1)NC(=O)[C@@H]1CCCN1C(=O)[C@H](C)NC(=O)[C@H](C)N)[C@@H](C)O)C(=O)N[C@@H](Cc1c[nH]cn1)C(=O)O	Umami	TastePeptidesDB
ESHQQTLDD	CC(C)C[C@H](NC(=O)[C@@H](NC(=O)[C@H](CCC(N)=O)NC(=O)[C@H](CCC(N)=O)NC(=O)[C@H](Cc1c[nH]cn1)NC(=O)[C@H](CO)NC(=O)[C@@H](N)CCC(=O)O)[C@@H](C)O)C(=O)N[C@@H](CC(=O)O)C(=O)N[C@@H](CC(=O)O)C(=O)O	Umami	TastePeptidesDB
GEVED	CC(C)[C@H](NC(=O)[C@H](CCC(=O)O)NC(=O)CN)C(=O)N[C@@H](CCC(=O)O)C(=O)N[C@@H](CC(=O)O)C(=O)O	Umami	TastePeptidesDB
LPG	CC(C)C[C@H](N)C(=O)N1CCC[C@H]1C(=O)NCC(=O)O	Umami	TastePeptidesDB
LPGD	CC(C)C[C@H](N)C(=O)N1CCC[C@H]1C(=O)NCC(=O)N[C@@H](CC(=O)O)C(=O)O	Umami	TastePeptidesDB
DAP	C[C@H](NC(=O)[C@@H](N)CC(=O)O)C(=O)N1CCC[C@H]1C(=O)O	Umami	TastePeptidesDB
EDAP	C[C@H](NC(=O)[C@H](CC(=O)O)NC(=O)[C@@H](N)CCC(=O)O)C(=O)N1CCC[C@H]1C(=O)O	Umami	TastePeptidesDB
LSE	CC(C)C[C@H](N)C(=O)N[C@@H](CO)C(=O)N[C@@H](CCC(=O)O)C(=O)O	Umami	TastePeptidesDB
AT	C[C@H](N)C(=O)N[C@H](C(=O)O)[C@@H](C)O	Umami	TastePeptidesDB
DAT	C[C@H](NC(=O)[C@@H](N)CC(=O)O)C(=O)N[C@H](C(=O)O)[C@@H](C)O	Umami	TastePeptidesDB
AEEHVEAVN	CC(C)[C@H](NC(=O)[C@H](C)NC(=O)[C@H](CCC(=O)O)NC(=O)[C@@H](NC(=O)[C@H](Cc1c[nH]cn1)NC(=O)[C@H](CCC(=O)O)NC(=O)[C@H](CCC(=O)O)NC(=O)[C@H](C)N)C(C)C)C(=O)N[C@@H](CC(N)=O)C(=O)O	Umami	TastePeptidesDB
PKESEKPN	NCCCC[C@H](NC(=O)[C@@H]1CCCN1)C(=O)N[C@@H](CCC(=O)O)C(=O)N[C@@H](CO)C(=O)N[C@@H](CCC(=O)O)C(=O)N[C@@H](CCCCN)C(=O)N1CCC[C@H]1C(=O)N[C@@H](CC(N)=O)C(=O)O	Umami	TastePeptidesDB
AEINKILGN	CC[C@H](C)[C@H](NC(=O)[C@H](CCCCN)NC(=O)[C@H](CC(N)=O)NC(=O)[C@@H](NC(=O)[C@H](CCC(=O)O)NC(=O)[C@H](C)N)[C@@H](C)CC)C(=O)N[C@@H](CC(C)C)C(=O)NCC(=O)N[C@@H](CC(N)=O)C(=O)O	Umami	TastePeptidesDB
IQKELQF	CC[C@H](C)[C@H](N)C(=O)N[C@@H](CCC(N)=O)C(=O)N[C@@H](CCCCN)C(=O)N[C@@H](CCC(=O)O)C(=O)N[C@@H](CC(C)C)C(=O)N[C@@H](CCC(N)=O)C(=O)N[C@@H](Cc1ccccc1)C(=O)O	Umami	TastePeptidesDB
PEDVIMGAF	CC[C@H](C)[C@H](NC(=O)[C@@H](NC(=O)[C@H](CC(=O)O)NC(=O)[C@H](CCC(=O)O)NC(=O)[C@@H]1CCCN1)C(C)C)C(=O)N[C@@H](CCSC)C(=O)NCC(=O)N[C@@H](C)C(=O)N[C@@H](Cc1ccccc1)C(=O)O	Umami	TastePeptidesDB
AKYDDIK	CC[C@H](C)[C@H](NC(=O)[C@H](CC(=O)O)NC(=O)[C@H](CC(=O)O)NC(=O)[C@H](Cc1ccc(O)cc1)NC(=O)[C@H](CCCCN)NC(=O)[C@H](C)N)C(=O)N[C@@H](CCCCN)C(=O)O	Umami	TastePeptidesDB
PAYQVDKGN	CC(C)[C@H](NC(=O)[C@H](CCC(N)=O)NC(=O)[C@H](Cc1ccc(O)cc1)NC(=O)[C@H](C)NC(=O)[C@@H]1CCCN1)C(=O)N[C@@H](CC(=O)O)C(=O)N[C@@H](CCCCN)C(=O)NCC(=O)N[C@@H](CC(N)=O)C(=O)O	Umami	TastePeptidesDB
VGNEFVTKG	CC(C)[C@H](N)C(=O)NCC(=O)N[C@@H](CC(N)=O)C(=O)N[C@@H](CCC(=O)O)C(=O)N[C@@H](Cc1ccccc1)C(=O)N[C@H](C(=O)N[C@H](C(=O)N[C@@H](CCCCN)C(=O)NCC(=O)O)[C@@H](C)O)C(C)C	Umami	TastePeptidesDB
SAELLK	CC(C)C[C@H](NC(=O)[C@H](CC(C)C)NC(=O)[C@H](CCC(=O)O)NC(=O)[C@H](C)NC(=O)[C@@H](N)CO)C(=O)N[C@@H](CCCCN)C(=O)O	Umami	TastePeptidesDB
GIQKELQF	CC[C@H](C)[C@H](NC(=O)CN)C(=O)N[C@@H](CCC(N)=O)C(=O)N[C@@H](CCCCN)C(=O)N[C@@H](CCC(=O)O)C(=O)N[C@@H](CC(C)C)C(=O)N[C@@H](CCC(N)=O)C(=O)N[C@@H](Cc1ccccc1)C(=O)O	Umami	TastePeptidesDB
FTERVQ	CC(C)[C@H](NC(=O)[C@H](CCCNC(=N)N)NC(=O)[C@H](CCC(=O)O)NC(=O)[C@@H](NC(=O)[C@@H](N)Cc1ccccc1)[C@@H](C)O)C(=O)N[C@@H](CCC(N)=O)C(=O)O	Umami	TastePeptidesDB
GSAQA	C[C@H](NC(=O)[C@H](CCC(N)=O)NC(=O)[C@H](C)NC(=O)[C@H](CO)NC(=O)CN)C(=O)O	Umami	TastePeptidesDB
ISKEK	CC[C@H](C)[C@H](N)C(=O)N[C@@H](CO)C(=O)N[C@@H](CCCCN)C(=O)N[C@@H](CCC(=O)O)C(=O)N[C@@H](CCCCN)C(=O)O	Umami	TastePeptidesDB
LPKERLYV	CC(C)C[C@H](NC(=O)[C@H](CCCNC(=N)N)NC(=O)[C@H](CCC(=O)O)NC(=O)[C@H](CCCCN)NC(=O)[C@@H]1CCCN1C(=O)[C@@H](N)CC(C)C)C(=O)N[C@@H](Cc1ccc(O)cc1)C(=O)N[C@H](C(=O)O)C(C)C	Umami	TastePeptidesDB
VENQQLAL	CC(C)C[C@H](NC(=O)[C@H](C)NC(=O)[C@H](CC(C)C)NC(=O)[C@H](CCC(N)=O)NC(=O)[C@H](CCC(N)=O)NC(=O)[C@H](CC(N)=O)NC(=O)[C@H](CCC(=O)O)NC(=O)[C@@H](N)C(C)C)C(=O)O	Umami	TastePeptidesDB
DQEDDLDESLIGVK	CC[C@H](C)[C@H](NC(=O)[C@H](CC(C)C)NC(=O)[C@H](CO)NC(=O)[C@H](CCC(=O)O)NC(=O)[C@H](CC(=O)O)NC(=O)[C@H](CC(C)C)NC(=O)[C@H](CC(=O)O)NC(=O)[C@H](CC(=O)O)NC(=O)[C@H](CCC(=O)O)NC(=O)[C@H](CCC(N)=O)NC(=O)[C@@H](N)CC(=O)O)C(=O)NCC(=O)N[C@H](C(=O)N[C@@H](CCCCN)C(=O)O)C(C)C	Umami	TastePeptidesDB
FNEIIKETST	CC[C@H](C)[C@H](NC(=O)[C@H](CCC(=O)O)NC(=O)[C@H](CC(N)=O)NC(=O)[C@@H](N)Cc1ccccc1)C(=O)N[C@H](C(=O)N[C@@H](CCCCN)C(=O)N[C@@H](CCC(=O)O)C(=O)N[C@H](C(=O)N[C@@H](CO)C(=O)N[C@H](C(=O)O)[C@@H](C)O)[C@@H](C)O)[C@@H](C)CC	Umami	TastePeptidesDB
YNEYPPLGR	CC(C)C[C@H](NC(=O)[C@@H]1CCCN1C(=O)[C@@H]1CCCN1C(=O)[C@H](Cc1ccc(O)cc1)NC(=O)[C@H](CCC(=O)O)NC(=O)[C@H](CC(N)=O)NC(=O)[C@@H](N)Cc1ccc(O)cc1)C(=O)NCC(=O)N[C@@H](CCCNC(=N)N)C(=O)O	Umami	TastePeptidesDB
DD	N[C@@H](CC(=O)O)C(=O)N[C@@H](CC(=O)O)C(=O)O	Umami	TastePeptidesDB
ED	N[C@@H](CCC(=O)O)C(=O)N[C@@H](CC(=O)O)C(=O)O	Umami	TastePeptidesDB
DDD	N[C@@H](CC(=O)O)C(=O)N[C@@H](CC(=O)O)C(=O)N[C@@H](CC(=O)O)C(=O)O	Umami	TastePeptidesDB
GLPD	CC(C)C[C@H](NC(=O)CN)C(=O)N1CCC[C@H]1C(=O)N[C@@H](CC(=O)O)C(=O)O	Umami	TastePeptidesDB
GHGD	NCC(=O)N[C@@H](Cc1c[nH]cn1)C(=O)NCC(=O)N[C@@H](CC(=O)O)C(=O)O	Umami	TastePeptidesDB
GQEDYDRLRPL	CC(C)C[C@H](NC(=O)[C@@H]1CCCN1C(=O)[C@H](CCCNC(=N)N)NC(=O)[C@H](CC(C)C)NC(=O)[C@H](CCCNC(=N)N)NC(=O)[C@H](CC(=O)O)NC(=O)[C@H](Cc1ccc(O)cc1)NC(=O)[C@H](CC(=O)O)NC(=O)[C@H](CCC(=O)O)NC(=O)[C@H](CCC(N)=O)NC(=O)CN)C(=O)O	Umami	TastePeptidesDB
VVVGTPGRVF	CC(C)[C@H](N)C(=O)N[C@H](C(=O)N[C@H](C(=O)NCC(=O)N[C@H](C(=O)N1CCC[C@H]1C(=O)NCC(=O)N[C@@H](CCCNC(=N)N)C(=O)N[C@H](C(=O)N[C@@H](Cc1ccccc1)C(=O)O)C(C)C)[C@@H](C)O)C(C)C)C(C)C	Umami	TastePeptidesDB
ESPERPFL	CC(C)C[C@H](NC(=O)[C@H](Cc1ccccc1)NC(=O)[C@@H]1CCCN1C(=O)[C@H](CCCNC(=N)N)NC(=O)[C@H](CCC(=O)O)NC(=O)[C@@H]1CCCN1C(=O)[C@H](CO)NC(=O)[C@@H](N)CCC(=O)O)C(=O)O	Umami	TastePeptidesDB
HLYHPVPIEE	CC[C@H](C)[C@H](NC(=O)[C@@H]1CCCN1C(=O)[C@@H](NC(=O)[C@@H]1CCCN1C(=O)[C@H](Cc1c[nH]cn1)NC(=O)[C@H](Cc1ccc(O)cc1)NC(=O)[C@H](CC(C)C)NC(=O)[C@@H](N)Cc1c[nH]cn1)C(C)C)C(=O)N[C@@H](CCC(=O)O)C(=O)N[C@@H](CCC(=O)O)C(=O)O	Umami	TastePeptidesDB
DVELSK	CC(C)C[C@H](NC(=O)[C@H](CCC(=O)O)NC(=O)[C@@H](NC(=O)[C@@H](N)CC(=O)O)C(C)C)C(=O)N[C@@H](CO)C(=O)N[C@@H](CCCCN)C(=O)O	Umami	TastePeptidesDB
LPDEAR	CC(C)C[C@H](N)C(=O)N1CCC[C@H]1C(=O)N[C@@H](CC(=O)O)C(=O)N[C@@H](CCC(=O)O)C(=O)N[C@@H](C)C(=O)N[C@@H](CCCNC(=N)N)C(=O)O	Umami	TastePeptidesDB
LPGVAE	CC(C)C[C@H](N)C(=O)N1CCC[C@H]1C(=O)NCC(=O)N[C@H](C(=O)N[C@@H](C)C(=O)N[C@@H](CCC(=O)O)C(=O)O)C(C)C	Umami	TastePeptidesDB
TTLPDK	CC(C)C[C@H](NC(=O)[C@@H](NC(=O)[C@@H](N)[C@@H](C)O)[C@@H](C)O)C(=O)N1CCC[C@H]1C(=O)N[C@@H](CC(=O)O)C(=O)N[C@@H](CCCCN)C(=O)O	Umami	TastePeptidesDB
RD	N=C(N)NCCC[C@H](N)C(=O)N[C@@H](CC(=O)O)C(=O)O	Umami	TastePeptidesDB
DGV	CC(C)[C@H](NC(=O)CNC(=O)[C@@H](N)CC(=O)O)C(=O)O	Umami	TastePeptidesDB
DK	NCCCC[C@H](NC(=O)[C@@H](N)CC(=O)O)C(=O)O	Umami	TastePeptidesDB
TFYNELR	CC(C)C[C@H](NC(=O)[C@H](CCC(=O)O)NC(=O)[C@H](CC(N)=O)NC(=O)[C@H](Cc1ccc(O)cc1)NC(=O)[C@H](Cc1ccccc1)NC(=O)[C@@H](N)[C@@H](C)O)C(=O)N[C@@H](CCCNC(=N)N)C(=O)O	Umami	TastePeptidesDB
TLFQPSF	CC(C)C[C@H](NC(=O)[C@@H](N)[C@@H](C)O)C(=O)N[C@@H](Cc1ccccc1)C(=O)N[C@@H](CCC(N)=O)C(=O)N1CCC[C@H]1C(=O)N[C@@H](CO)C(=O)N[C@@H](Cc1ccccc1)C(=O)O	Umami	TastePeptidesDB
LYANNVL	CC(C)C[C@H](NC(=O)[C@@H](NC(=O)[C@H](CC(N)=O)NC(=O)[C@H](CC(N)=O)NC(=O)[C@H](C)NC(=O)[C@H](Cc1ccc(O)cc1)NC(=O)[C@@H](N)CC(C)C)C(C)C)C(=O)O	Umami	TastePeptidesDB
FAGDDAPRAVFPS	CC(C)[C@H](NC(=O)[C@H](C)NC(=O)[C@H](CCCNC(=N)N)NC(=O)[C@@H]1CCCN1C(=O)[C@H](C)NC(=O)[C@H](CC(=O)O)NC(=O)[C@H](CC(=O)O)NC(=O)CNC(=O)[C@H](C)NC(=O)[C@@H](N)Cc1ccccc1)C(=O)N[C@@H](Cc1ccccc1)C(=O)N1CCC[C@H]1C(=O)N[C@@H](CO)C(=O)O	Umami	TastePeptidesDB
EPLCNQ	CC(C)C[C@H](NC(=O)[C@@H]1CCCN1C(=O)[C@@H](N)CCC(=O)O)C(=O)N[C@@H](CS)C(=O)N[C@@H](CC(N)=O)C(=O)N[C@@H](CCC(N)=O)C(=O)O	Umami	TastePeptidesDB
SGCVNEL	CC(C)C[C@H](NC(=O)[C@H](CCC(=O)O)NC(=O)[C@H](CC(N)=O)NC(=O)[C@@H](NC(=O)[C@H](CS)NC(=O)CNC(=O)[C@@H](N)CO)C(C)C)C(=O)O	Umami	TastePeptidesDB
PHEMQ	CSCC[C@H](NC(=O)[C@H](CCC(=O)O)NC(=O)[C@H](Cc1c[nH]cn1)NC(=O)[C@@H]1CCCN1)C(=O)N[C@@H](CCC(N)=O)C(=O)O	Umami	TastePeptidesDB
SEPSHF	N[C@@H](CO)C(=O)N[C@@H](CCC(=O)O)C(=O)N1CCC[C@H]1C(=O)N[C@@H](CO)C(=O)N[C@@H](Cc1c[nH]cn1)C(=O)N[C@@H](Cc1ccccc1)C(=O)O	Umami	TastePeptidesDB
ESCAPQL	CC(C)C[C@H](NC(=O)[C@H](CCC(N)=O)NC(=O)[C@@H]1CCCN1C(=O)[C@H](C)NC(=O)[C@H](CS)NC(=O)[C@H](CO)NC(=O)[C@@H](N)CCC(=O)O)C(=O)O	Umami	TastePeptidesDB
SFEAVEAAPT	CC(C)[C@H](NC(=O)[C@H](C)NC(=O)[C@H](CCC(=O)O)NC(=O)[C@H](Cc1ccccc1)NC(=O)[C@@H](N)CO)C(=O)N[C@@H](CCC(=O)O)C(=O)N[C@@H](C)C(=O)N[C@@H](C)C(=O)N1CCC[C@H]1C(=O)N[C@H](C(=O)O)[C@@H](C)O	Umami	TastePeptidesDB
ALDELGT	CC(C)C[C@H](NC(=O)[C@H](C)N)C(=O)N[C@@H](CC(=O)O)C(=O)N[C@@H](CCC(=O)O)C(=O)N[C@@H](CC(C)C)C(=O)NCC(=O)N[C@H](C(=O)O)[C@@H](C)O	Umami	TastePeptidesDB
SAALQAG	CC(C)C[C@H](NC(=O)[C@H](C)NC(=O)[C@H](C)NC(=O)[C@@H](N)CO)C(=O)N[C@@H](CCC(N)=O)C(=O)N[C@@H](C)C(=O)NCC(=O)O	Umami	TastePeptidesDB
AELTPEP	CC(C)C[C@H](NC(=O)[C@H](CCC(=O)O)NC(=O)[C@H](C)N)C(=O)N[C@H](C(=O)N1CCC[C@H]1C(=O)N[C@@H](CCC(=O)O)C(=O)N1CCC[C@H]1C(=O)O)[C@@H](C)O	Umami	TastePeptidesDB
RKYEEVAR	CC(C)[C@H](NC(=O)[C@H](CCC(=O)O)NC(=O)[C@H](CCC(=O)O)NC(=O)[C@H](Cc1ccc(O)cc1)NC(=O)[C@H](CCCCN)NC(=O)[C@@H](N)CCCNC(=N)N)C(=O)N[C@@H](C)C(=O)N[C@@H](CCCNC(=N)N)C(=O)O	Umami	TastePeptidesDB
YVGDEAQSKRG	CC(C)[C@H](NC(=O)[C@@H](N)Cc1ccc(O)cc1)C(=O)NCC(=O)N[C@@H](CC(=O)O)C(=O)N[C@@H](CCC(=O)O)C(=O)N[C@@H](C)C(=O)N[C@@H](CCC(N)=O)C(=O)N[C@@H](CO)C(=O)N[C@@H](CCCCN)C(=O)N[C@@H](CCCNC(=N)N)C(=O)NCC(=O)O	Umami	TastePeptidesDB
VNVDEVGGEALGR	CC(C)C[C@H](NC(=O)[C@H](C)NC(=O)[C@H](CCC(=O)O)NC(=O)CNC(=O)CNC(=O)[C@@H](NC(=O)[C@H](CCC(=O)O)NC(=O)[C@H](CC(=O)O)NC(=O)[C@@H](NC(=O)[C@H](CC(N)=O)NC(=O)[C@@H](N)C(C)C)C(C)C)C(C)C)C(=O)NCC(=O)N[C@@H](CCCNC(=N)N)C(=O)O	Umami	TastePeptidesDB
LDF	CC(C)C[C@H](N)C(=O)N[C@@H](CC(=O)O)C(=O)N[C@@H](Cc1ccccc1)C(=O)O	Umami	TastePeptidesDB
FVT	CC(C)[C@H](NC(=O)[C@@H](N)Cc1ccccc1)C(=O)N[C@H](C(=O)O)[C@@H](C)O	Umami	TastePeptidesDB
DLAGRDLTDYLMKIL	CC[C@H](C)[C@H](NC(=O)[C@H](CCCCN)NC(=O)[C@H](CCSC)NC(=O)[C@H](CC(C)C)NC(=O)[C@H](Cc1ccc(O)cc1)NC(=O)[C@H](CC(=O)O)NC(=O)[C@@H](NC(=O)[C@H](CC(C)C)NC(=O)[C@H](CC(=O)O)NC(=O)[C@H](CCCNC(=N)N)NC(=O)CNC(=O)[C@H](C)NC(=O)[C@H](CC(C)C)NC(=O)[C@@H](N)CC(=O)O)[C@@H](C)O)C(=O)N[C@@H](CC(C)C)C(=O)O	Umami	TastePeptidesDB
Q	NC(=O)CC[C@H](N)C(=O)O	Umami	TastePeptidesDB
N	NC(=O)C[C@H](N)C(=O)O	Umami	TastePeptidesDB
GDG	NCC(=O)N[C@@H](CC(=O)O)C(=O)NCC(=O)O	Umami	TastePeptidesDB
ADA	C[C@H](N)C(=O)N[C@@H](CC(=O)O)C(=O)N[C@@H](C)C(=O)O	Umami	TastePeptidesDB
VDV	CC(C)[C@H](N)C(=O)N[C@@H](CC(=O)O)C(=O)N[C@H](C(=O)O)C(C)C	Umami	TastePeptidesDB
GEG	NCC(=O)N[C@@H](CCC(=O)O)C(=O)NCC(=O)O	Umami	TastePeptidesDB
AEA	C[C@H](N)C(=O)N[C@@H](CCC(=O)O)C(=O)N[C@@H](C)C(=O)O	Umami	TastePeptidesDB
VEV	CC(C)[C@H](N)C(=O)N[C@@H](CCC(=O)O)C(=O)N[C@H](C(=O)O)C(C)C	Umami	TastePeptidesDB
SF	N[C@@H](CO)C(=O)N[C@@H](Cc1ccccc1)C(=O)O	Umami	TastePeptidesDB
D	N[C@@H](CC(=O)O)C(=O)O	Umami	TastePeptidesDB
E	N[C@@H](CCC(=O)O)C(=O)O	Umami	TastePeptidesDB
NP	NC(=O)C[C@H](N)C(=O)N1CCC[C@H]1C(=O)O	Umami	TastePeptidesDB
AH	C[C@H](N)C(=O)N[C@@H](Cc1c[nH]cn1)C(=O)O	Umami	TastePeptidesDB
DWTDDVEAR	CC(C)[C@H](NC(=O)[C@H](CC(=O)O)NC(=O)[C@H](CC(=O)O)NC(=O)[C@@H](NC(=O)[C@H](Cc1c[nH]c2ccccc12)NC(=O)[C@@H](N)CC(=O)O)[C@@H](C)O)C(=O)N[C@@H](CCC(=O)O)C(=O)N[C@@H](C)C(=O)N[C@@H](CCCNC(=N)N)C(=O)O	Umami	TastePeptidesDB
RDETLDDW	CC(C)C[C@H](NC(=O)[C@@H](NC(=O)[C@H](CCC(=O)O)NC(=O)[C@H](CC(=O)O)NC(=O)[C@@H](N)CCCNC(=N)N)[C@@H](C)O)C(=O)N[C@@H](CC(=O)O)C(=O)N[C@@H](CC(=O)O)C(=O)N[C@@H](Cc1c[nH]c2ccccc12)C(=O)O	Umami	TastePeptidesDB
FDELLEK	CC(C)C[C@H](NC(=O)[C@H](CC(C)C)NC(=O)[C@H](CCC(=O)O)NC(=O)[C@H](CC(=O)O)NC(=O)[C@@H](N)Cc1ccccc1)C(=O)N[C@@H](CCC(=O)O)C(=O)N[C@@H](CCCCN)C(=O)O	Umami	TastePeptidesDB
LIDVDGKPQ	CC[C@H](C)[C@H](NC(=O)[C@@H](N)CC(C)C)C(=O)N[C@@H](CC(=O)O)C(=O)N[C@H](C(=O)N[C@@H](CC(=O)O)C(=O)NCC(=O)N[C@@H](CCCCN)C(=O)N1CCC[C@H]1C(=O)N[C@@H](CCC(N)=O)C(=O)O)C(C)C	Umami	TastePeptidesDB
TIGHVDHGKTTLT	CC[C@H](C)[C@H](NC(=O)[C@@H](N)[C@@H](C)O)C(=O)NCC(=O)N[C@@H](Cc1c[nH]cn1)C(=O)N[C@H](C(=O)N[C@@H](CC(=O)O)C(=O)N[C@@H](Cc1c[nH]cn1)C(=O)NCC(=O)N[C@@H](CCCCN)C(=O)N[C@H](C(=O)N[C@H](C(=O)N[C@@H](CC(C)C)C(=O)N[C@H](C(=O)O)[C@@H](C)O)[C@@H](C)O)[C@@H](C)O)C(C)C	Umami	TastePeptidesDB
LPLQDVYK	CC(C)C[C@H](NC(=O)[C@@H]1CCCN1C(=O)[C@@H](N)CC(C)C)C(=O)N[C@@H](CCC(N)=O)C(=O)N[C@@H](CC(=O)O)C(=O)N[C@H](C(=O)N[C@@H](Cc1ccc(O)cc1)C(=O)N[C@@H](CCCCN)C(=O)O)C(C)C	Umami	TastePeptidesDB
VDEYIPTPER	CC[C@H](C)[C@H](NC(=O)[C@H](Cc1ccc(O)cc1)NC(=O)[C@H](CCC(=O)O)NC(=O)[C@H](CC(=O)O)NC(=O)[C@@H](N)C(C)C)C(=O)N1CCC[C@H]1C(=O)N[C@H](C(=O)N1CCC[C@H]1C(=O)N[C@@H](CCC(=O)O)C(=O)N[C@@H](CCCNC(=N)N)C(=O)O)[C@@H](C)O	Umami	TastePeptidesDB
VPVDILDHDNN	CC[C@H](C)[C@H](NC(=O)[C@H](CC(=O)O)NC(=O)[C@@H](NC(=O)[C@@H]1CCCN1C(=O)[C@@H](N)C(C)C)C(C)C)C(=O)N[C@@H](CC(C)C)C(=O)N[C@@H](CC(=O)O)C(=O)N[C@@H](Cc1c[nH]cn1)C(=O)N[C@@H](CC(=O)O)C(=O)N[C@@H](CC(N)=O)C(=O)N[C@@H](CC(N)=O)C(=O)O	Umami	TastePeptidesDB
YVDPNVLPE	CC(C)C[C@H](NC(=O)[C@@H](NC(=O)[C@H](CC(N)=O)NC(=O)[C@@H]1CCCN1C(=O)[C@H](CC(=O)O)NC(=O)[C@@H](NC(=O)[C@@H](N)Cc1ccc(O)cc1)C(C)C)C(C)C)C(=O)N1CCC[C@H]1C(=O)N[C@@H](CCC(=O)O)C(=O)O	Umami	TastePeptidesDB
TGWVDVK	CC(C)[C@H](NC(=O)[C@H](CC(=O)O)NC(=O)[C@@H](NC(=O)[C@H](Cc1c[nH]c2ccccc12)NC(=O)CNC(=O)[C@@H](N)[C@@H](C)O)C(C)C)C(=O)N[C@@H](CCCCN)C(=O)O	Umami	TastePeptidesDB
IDVDGKPQIQ	CC[C@H](C)[C@H](N)C(=O)N[C@@H](CC(=O)O)C(=O)N[C@H](C(=O)N[C@@H](CC(=O)O)C(=O)NCC(=O)N[C@@H](CCCCN)C(=O)N1CCC[C@H]1C(=O)N[C@@H](CCC(N)=O)C(=O)N[C@H](C(=O)N[C@@H](CCC(N)=O)C(=O)O)[C@@H](C)CC)C(C)C	Umami	TastePeptidesDB
VQPEDNKGVFQ	CC(C)[C@H](N)C(=O)N[C@@H](CCC(N)=O)C(=O)N1CCC[C@H]1C(=O)N[C@@H](CCC(=O)O)C(=O)N[C@@H](CC(=O)O)C(=O)N[C@@H](CC(N)=O)C(=O)N[C@@H](CCCCN)C(=O)NCC(=O)N[C@H](C(=O)N[C@@H](Cc1ccccc1)C(=O)N[C@@H](CCC(N)=O)C(=O)O)C(C)C	Umami	TastePeptidesDB
MTLERPW	CSCC[C@H](N)C(=O)N[C@H](C(=O)N[C@@H](CC(C)C)C(=O)N[C@@H](CCC(=O)O)C(=O)N[C@@H](CCCNC(=N)N)C(=O)N1CCC[C@H]1C(=O)N[C@@H](Cc1c[nH]c2ccccc12)C(=O)O)[C@@H](C)O	Umami	TastePeptidesDB
MNLHLSF	CSCC[C@H](N)C(=O)N[C@@H](CC(N)=O)C(=O)N[C@@H](CC(C)C)C(=O)N[C@@H](Cc1c[nH]cn1)C(=O)N[C@@H](CC(C)C)C(=O)N[C@@H](CO)C(=O)N[C@@H](Cc1ccccc1)C(=O)O	Umami	TastePeptidesDB
EAF	C[C@H](NC(=O)[C@@H](N)CCC(=O)O)C(=O)N[C@@H](Cc1ccccc1)C(=O)O	Umami	TastePeptidesDB
EHGE	N[C@@H](CCC(=O)O)C(=O)N[C@@H](Cc1c[nH]cn1)C(=O)NCC(=O)N[C@@H](CCC(=O)O)C(=O)O	Umami	TastePeptidesDB
SNGNE	NC(=O)C[C@H](NC(=O)CNC(=O)[C@H](CC(N)=O)NC(=O)[C@@H](N)CO)C(=O)N[C@@H](CCC(=O)O)C(=O)O	Umami	TastePeptidesDB
DGFASD	C[C@H](NC(=O)[C@H](Cc1ccccc1)NC(=O)CNC(=O)[C@@H](N)CC(=O)O)C(=O)N[C@@H](CO)C(=O)N[C@@H](CC(=O)O)C(=O)O	Umami	TastePeptidesDB
MGPENGV	CSCC[C@H](N)C(=O)NCC(=O)N1CCC[C@H]1C(=O)N[C@@H](CCC(=O)O)C(=O)N[C@@H](CC(N)=O)C(=O)NCC(=O)N[C@H](C(=O)O)C(C)C	Umami	TastePeptidesDB
FLNQDEEAR	CC(C)C[C@H](NC(=O)[C@@H](N)Cc1ccccc1)C(=O)N[C@@H](CC(N)=O)C(=O)N[C@@H](CCC(N)=O)C(=O)N[C@@H](CC(=O)O)C(=O)N[C@@H](CCC(=O)O)C(=O)N[C@@H](CCC(=O)O)C(=O)N[C@@H](C)C(=O)N[C@@H](CCCNC(=N)N)C(=O)O	Umami	TastePeptidesDB
FNKEE	NCCCC[C@H](NC(=O)[C@H](CC(N)=O)NC(=O)[C@@H](N)Cc1ccccc1)C(=O)N[C@@H](CCC(=O)O)C(=O)N[C@@H](CCC(=O)O)C(=O)O	Umami	TastePeptidesDB
EEFLK	CC(C)C[C@H](NC(=O)[C@H](Cc1ccccc1)NC(=O)[C@H](CCC(=O)O)NC(=O)[C@@H](N)CCC(=O)O)C(=O)N[C@@H](CCCCN)C(=O)O	Umami	TastePeptidesDB
